txt_char_count,txt_word_count,txt_avg_word_length,txt_sentence_count,txt_words_per_sentence,txt_uppercase_ratio,txt_punctuation_count,txt_starts_with_verb,txt_ends_with_period,txt_has_parentheses,quant_number_count,quant_has_percentage,quant_has_dollar,quant_has_multiplier,quant_verb_count,quant_first_word_is_verb,quant_has_weak_language,quant_metric_density,struct_has_bullet,struct_comma_count,struct_has_list_structure,struct_and_count,struct_clause_count,struct_has_comparison,struct_is_experience,struct_is_project,struct_is_summary,struct_is_education,struct_is_skills,sem_num_keywords,sem_has_language,sem_has_framework,sem_has_database,sem_has_cloud,sem_has_concept,sem_tech_breadth,sem_token_count,clarity_score,clarity_has_action_verb,clarity_has_metrics,clarity_word_count,label,text
28,5,4.8,1,5.0,0.0357,0,1,0,0,1,0,0,1,1,1,0,0.2,0,0,0,0,1,1,0,0,1,0,0,0,0,0,0,0,0,0,7,0.85,1,1,5,0,Improved response time by 3x
62,8,6.0,1,8.0,0.0,0,0,0,0,1,0,0,0,0,0,0,0.125,0,0,0,0,1,0,0,1,0,0,0,0,0,0,0,0,0,0,17,0.45,0,1,8,1,responsible  for  order  management  handling  for  13  months
53,6,8.0,1,6.0,0.0566,0,1,0,0,0,0,0,0,1,1,0,0.0,0,0,0,0,1,0,0,1,0,0,0,0,0,0,0,0,0,0,9,0.55,1,0,6,0,Built real-time notification service using WebSockets
27,5,4.6,1,5.0,0.037,0,0,0,0,1,0,0,0,0,0,0,0.2,0,0,0,0,1,0,1,0,0,0,0,0,0,0,0,0,0,0,7,0.45,0,1,5,0,Scaled service to 50k users
39,6,5.67,1,6.0,0.0256,0,0,0,0,1,1,0,0,0,0,0,0.1667,0,0,0,0,1,0,1,0,0,0,0,0,0,0,0,0,0,0,9,0.45,0,1,6,0,Wrote unit tests achieving 90% coverage
74,8,8.38,1,8.0,0.0,0,1,0,0,0,0,0,0,1,1,0,0.0,0,0,0,0,1,0,0,1,0,0,0,0,0,0,0,0,0,0,9,0.55,1,0,8,0,implemented event-driven architecture using kafka for notification service
48,5,8.8,1,5.0,0.0625,0,1,0,0,0,0,0,0,1,1,0,0.0,0,0,0,0,1,0,0,1,0,0,0,1,0,1,0,0,0,1,5,0.55,1,0,5,0,Integrated TensorFlow with recommendation system
30,4,6.75,1,4.0,0.0667,0,1,0,0,0,0,0,0,1,1,0,0.0,0,0,0,0,1,0,1,0,0,0,0,1,0,0,1,0,0,1,4,0.46,1,0,4,0,Implemented caching with Redis
73,9,7.22,1,9.0,0.0822,0,0,0,0,0,0,0,0,0,0,1,0.0,0,0,0,1,1,0,1,0,0,0,0,2,0,0,0,1,1,2,11,0.15,0,0,9,1,Worked on scalable microservices architecture using PostgreSQL and Docker
39,6,5.67,1,6.0,0.0256,0,0,0,0,1,1,0,0,0,0,0,0.1667,0,0,0,0,1,0,0,0,1,0,0,0,0,0,0,0,0,0,9,0.45,0,1,6,0,Wrote unit tests achieving 90% coverage
28,5,4.8,1,5.0,0.4286,0,1,0,0,0,0,0,0,1,1,0,0.0,0,0,0,0,1,0,0,0,1,0,0,2,0,1,0,0,1,2,6,0.55,1,0,5,0,Built REST API using FastAPI
48,6,7.17,1,6.0,0.0208,0,1,0,0,0,0,0,0,1,1,0,0.0,0,0,0,0,1,0,1,0,0,0,0,0,0,0,0,0,0,0,7,0.55,1,0,6,0,Developed backend endpoints for order management
49,7,6.14,1,7.0,0.0204,0,0,0,0,0,0,0,0,0,0,0,0.0,0,0,0,0,1,0,0,1,0,0,0,0,0,0,0,0,0,0,7,0.15,0,0,7,1,Supported the team with notification service work
67,8,7.5,1,8.0,0.0896,0,0,0,0,0,0,0,0,0,0,0,0.0,0,0,0,1,1,0,0,0,1,0,0,2,1,0,1,0,0,2,9,0.15,0,0,8,1,Utilized cutting edge technologies including TypeScript and MongoDB
43,7,5.29,1,7.0,0.0465,0,0,0,0,0,0,0,0,0,0,0,0.0,0,0,0,0,1,0,0,1,0,0,0,2,1,0,0,0,1,2,7,0.15,0,0,7,1,Updated data pipeline backend to use Python
36,5,6.4,1,5.0,0.0278,0,0,0,0,0,0,0,0,0,0,0,0.0,0,0,0,0,1,0,0,1,0,0,0,1,0,0,0,0,1,1,6,0.15,0,0,5,1,Tasked with data pipeline operations
28,5,4.8,1,5.0,0.0357,0,1,0,0,1,0,0,1,1,1,0,0.2,0,0,0,0,1,1,1,0,0,0,0,0,0,0,0,0,0,0,7,0.85,1,1,5,0,Improved response time by 3x
39,5,7.0,1,5.0,0.1282,0,1,0,0,0,0,0,0,1,1,0,0.0,0,0,0,0,1,0,0,0,1,0,0,0,0,0,0,0,0,0,5,0.55,1,0,5,0,Designed database schema for PostgreSQL
63,10,5.4,1,10.0,0.0476,0,1,0,0,0,0,0,0,1,1,0,0.0,0,0,0,1,1,0,0,1,0,0,0,1,0,0,0,0,1,1,11,0.55,1,0,10,1,Developed AI powered system using machine learning and big data
71,11,5.55,1,11.0,0.0282,0,0,0,0,2,0,0,0,0,0,0,0.1818,0,0,0,0,1,0,1,0,0,0,0,1,0,1,0,0,0,1,13,0.45,0,1,11,0,Scaled recommendation system from 11 to 200 concurrent users with React
71,11,5.55,1,11.0,0.0704,0,0,0,0,2,0,0,0,0,0,0,0.1818,0,0,0,0,1,0,0,1,0,0,0,1,0,1,0,0,0,1,14,0.45,0,1,11,0,Scaled analytics dashboard from 7 to 500 concurrent users using FastAPI
53,6,8.0,1,6.0,0.0566,0,1,0,0,0,0,0,0,1,1,0,0.0,0,0,0,0,1,0,1,0,0,0,0,0,0,0,0,0,0,0,9,0.55,1,0,6,0,Built real-time notification service using WebSockets
37,4,8.5,1,4.0,0.0541,0,0,0,0,0,0,0,0,0,0,0,0.0,0,0,0,0,1,0,0,1,0,0,0,1,0,0,0,1,0,1,5,0.06,0,0,4,1,Containerized application with Docker
54,6,8.17,1,6.0,0.0185,0,1,0,0,0,0,0,0,1,1,0,0.0,0,0,0,0,1,0,1,0,0,0,0,0,0,0,0,0,0,0,7,0.55,1,0,6,1,Engineered inventory tracking architecture for logging
28,5,4.8,1,5.0,0.0357,0,1,0,0,1,0,0,1,1,1,0,0.2,0,0,0,0,1,1,0,1,0,0,0,0,0,0,0,0,0,0,7,0.85,1,1,5,0,Improved response time by 3x
77,10,6.8,1,10.0,0.0649,1,0,0,0,1,1,0,0,0,0,0,0.1,0,1,0,0,2,0,1,0,0,0,0,1,0,1,0,0,0,1,15,0.45,0,1,10,0,"Migrated analytics dashboard to FastAPI, reducing infrastructure costs by 26%"
58,8,6.38,1,8.0,0.0172,1,0,0,0,2,0,0,0,0,0,0,0.25,0,1,0,0,2,0,1,0,0,0,0,0,0,0,0,0,0,0,12,0.45,0,1,8,1,"Helped maintain authentication service used by 3,000 users"
61,9,5.89,1,9.0,0.0164,0,0,0,0,1,1,0,0,0,0,1,0.1111,0,0,0,0,1,0,0,1,0,0,0,0,0,0,0,0,0,0,12,0.45,0,1,9,1,Assisted in reducing incidents by 27% without owning delivery
63,8,7.0,1,8.0,0.0,0,1,0,0,0,0,0,0,1,1,0,0.0,0,0,0,0,1,0,0,0,1,0,0,1,0,0,1,0,0,1,9,0.55,1,0,8,0,designed caching strategy for recommendation system using redis
28,5,4.8,1,5.0,0.0357,0,1,0,0,1,0,0,1,1,1,0,0.2,0,0,0,0,1,1,1,0,0,0,0,0,0,0,0,0,0,0,7,0.85,1,1,5,0,Improved response time by 3x
27,4,6.0,1,4.0,0.1481,0,1,0,0,0,0,0,0,1,1,0,0.0,0,0,0,0,1,0,0,0,1,0,0,1,0,0,0,1,0,1,5,0.46,1,0,4,0,Deployed application on AWS
46,5,7.6,1,5.0,0.0217,0,1,0,0,0,0,0,0,1,1,0,0.0,0,0,0,0,1,0,0,0,1,0,0,0,0,0,0,0,0,0,10,0.55,1,0,5,1,Created  dashboards  for  operational  metrics
31,4,7.0,1,4.0,0.0323,0,0,0,0,0,0,0,0,0,0,0,0.0,0,0,0,0,1,0,1,0,0,0,0,0,0,0,0,0,0,0,4,0.06,0,0,4,1,Handled order management duties
83,12,6.0,1,12.0,0.0361,0,1,0,0,2,0,0,0,1,1,0,0.1667,0,0,0,0,1,0,1,0,0,0,0,1,1,0,0,0,0,1,14,0.85,1,1,12,0,Implemented TypeScript integration reducing deployment time from 19 days to 2 hours
45,5,8.2,1,5.0,0.0222,0,0,0,0,0,0,0,0,0,0,0,0.0,0,0,0,0,1,0,0,0,1,0,0,0,0,0,0,0,0,0,6,0.15,0,0,5,1,Tasked with authentication service operations
68,6,10.5,1,6.0,0.0147,0,1,0,0,0,0,0,0,1,1,0,0.0,0,0,0,0,1,0,1,0,0,0,0,0,0,0,0,0,0,0,9,0.55,1,0,6,1,Spearheaded transformational initiatives across notification service
22,4,4.75,1,4.0,0.0455,0,1,0,0,1,1,0,0,1,1,0,0.25,0,0,0,0,1,1,1,0,0,0,0,0,0,0,0,0,0,0,7,0.76,1,1,4,0,Reduced latency by 40%
63,9,6.11,1,9.0,0.0159,0,0,0,0,1,1,0,0,0,0,1,0.1111,0,0,0,0,1,0,0,0,1,0,0,0,0,0,0,0,0,0,12,0.45,0,1,9,1,Involved in monitoring payment processing with 16% uptime goals
27,4,6.0,1,4.0,0.1481,0,1,0,0,0,0,0,0,1,1,0,0.0,0,0,0,0,1,0,0,1,0,0,0,1,0,0,0,1,0,1,5,0.46,1,0,4,0,Deployed application on AWS
75,10,5.7,1,10.0,0.0533,0,1,0,0,0,0,0,0,1,1,0,0.0,0,0,0,1,1,0,1,0,0,0,0,0,0,0,0,0,0,0,19,0.55,1,0,10,0,Implemented  retry  logic  and  circuit  breaker  pattern  in  API  gateway
56,8,6.12,1,8.0,0.0179,1,0,0,0,2,0,0,0,0,0,0,0.25,0,1,0,0,2,0,0,0,1,0,0,0,0,0,0,0,0,0,12,0.45,0,1,8,1,"Helped maintain notification service used by 6,000 users"
68,6,10.5,1,6.0,0.0,0,1,0,0,0,0,0,0,1,1,0,0.0,0,0,0,0,1,0,0,0,1,0,0,0,0,0,0,0,0,0,9,0.55,1,0,6,1,spearheaded transformational initiatives across notification service
48,7,6.0,1,7.0,0.3333,0,1,0,0,0,0,0,0,1,1,0,0.0,0,0,0,1,1,0,0,1,0,0,0,2,0,1,0,0,1,2,8,0.55,1,0,7,1,Implemented REST API with FastAPI and PostgreSQL
34,4,7.75,1,4.0,0.0588,0,1,0,0,0,0,0,0,1,1,0,0.0,0,0,0,0,1,0,0,1,0,0,0,1,0,0,0,1,0,1,5,0.46,1,0,4,0,Automated deployments using Docker
70,9,6.89,1,9.0,0.0429,0,1,0,0,0,0,0,0,1,1,0,0.0,0,0,0,1,1,0,1,0,0,0,0,1,0,1,0,0,0,1,9,0.55,1,0,9,1,Designed enterprise level solution using best practices and TensorFlow
75,9,7.44,1,9.0,0.0267,0,1,0,0,1,1,0,0,1,1,0,0.1111,0,0,0,0,1,1,1,0,0,0,0,1,0,0,0,1,0,1,12,0.85,1,1,9,0,Reduced recommendation system downtime by 16% through Kubernetes monitoring
69,6,10.67,1,6.0,0.0145,0,1,0,0,0,0,0,0,1,1,0,0.0,0,0,0,0,1,0,1,0,0,0,0,0,0,0,0,0,0,0,9,0.55,1,0,6,1,Spearheaded transformational initiatives across recommendation system
40,5,6.4,1,5.0,0.025,0,0,0,0,0,0,0,0,0,0,0,0.0,0,0,0,0,1,0,0,0,1,0,0,0,0,0,0,0,0,0,10,0.15,0,0,5,1,Contributed  to  data  pipeline  efforts
69,9,5.89,1,9.0,0.0145,0,0,0,0,1,1,0,0,0,0,0,0.1111,0,0,0,0,1,0,0,1,0,0,0,0,0,0,0,0,0,0,20,0.45,0,1,9,1,Assisted  in  reducing  incidents  by  33%  without  owning  delivery
43,5,7.8,1,5.0,0.093,0,1,0,0,0,0,0,0,1,1,0,0.0,0,0,0,0,1,0,0,1,0,0,0,1,1,0,0,0,0,1,6,0.55,1,0,5,0,Optimized SQL queries improving performance
41,5,7.4,1,5.0,0.0244,0,0,0,0,0,0,0,0,0,0,0,0.0,0,0,0,0,1,0,1,0,0,0,0,0,0,0,0,0,0,0,6,0.15,0,0,5,1,Contributed to payment processing efforts
46,5,7.6,1,5.0,0.0217,0,1,0,0,0,0,0,0,1,1,0,0.0,0,0,0,0,1,0,0,0,1,0,0,0,0,0,0,0,0,0,10,0.55,1,0,5,1,Created  dashboards  for  operational  metrics
62,7,8.0,2,3.5,0.0,1,0,0,0,0,0,0,0,0,0,0,0.0,0,0,0,0,1,0,0,0,1,0,0,0,0,0,0,0,0,0,11,0.15,0,0,7,1,applied best-in-class node.js solutions for payment processing
54,6,8.17,1,6.0,0.0185,0,0,0,0,0,0,0,0,0,0,0,0.0,0,0,0,0,1,0,0,1,0,0,0,1,0,0,0,0,1,1,7,0.15,0,0,6,0,Introduced structured logging across all microservices
49,5,8.2,1,5.0,0.0204,0,0,0,0,0,0,0,0,0,0,0,0.0,0,0,0,0,1,0,1,0,0,0,0,0,0,0,0,0,0,0,11,0.15,0,0,5,1,Participated  in  inventory  tracking  activities
35,5,5.4,1,5.0,0.0571,0,0,0,0,0,0,0,0,0,0,0,0.0,0,0,0,0,1,0,1,0,0,0,0,1,0,1,0,0,0,1,10,0.15,0,0,5,1,Helped  with  React  related  tasks
77,12,5.5,1,12.0,0.026,0,1,0,0,2,0,0,0,1,1,0,0.1667,0,0,0,0,1,0,0,1,0,0,0,1,0,1,0,0,0,1,14,0.85,1,1,12,0,Implemented React integration reducing deployment time from 7 days to 1 hours
42,7,5.14,1,7.0,0.0238,0,0,0,0,0,0,0,0,0,0,0,0.0,0,0,0,1,1,0,0,1,0,0,0,0,0,0,0,0,0,0,7,0.15,0,0,7,0,Set up logging and monitoring for services
34,4,7.75,1,4.0,0.0294,0,0,0,0,0,0,0,0,0,0,0,0.0,0,0,0,0,1,0,0,0,1,0,0,0,0,0,0,0,0,0,4,0.06,0,0,4,1,Handled analytics dashboard duties
37,4,8.5,1,4.0,0.0541,0,0,0,0,0,0,0,0,0,0,0,0.0,0,0,0,0,1,0,0,0,1,0,0,1,0,0,0,1,0,1,5,0.06,0,0,4,1,Containerized application with Docker
39,5,7.0,1,5.0,0.1282,0,1,0,0,0,0,0,0,1,1,0,0.0,0,0,0,0,1,0,0,1,0,0,0,0,0,0,0,0,0,0,5,0.55,1,0,5,0,Designed database schema for PostgreSQL
28,5,4.8,1,5.0,0.4286,0,1,0,0,0,0,0,0,1,1,0,0.0,0,0,0,0,1,0,1,0,0,0,0,2,0,1,0,0,1,2,6,0.55,1,0,5,0,Built REST API using FastAPI
63,11,4.82,1,11.0,0.0,0,0,0,0,2,0,0,0,0,0,0,0.1818,0,0,0,0,1,0,0,0,1,0,0,1,0,1,0,0,0,1,14,0.45,0,1,11,0,scaled api gateway from 9 to 100 concurrent users using fastapi
42,5,7.6,1,5.0,0.0238,0,0,0,0,0,0,0,0,0,0,1,0.0,0,0,0,0,1,0,0,1,0,0,0,0,0,0,0,0,0,0,6,0.15,0,0,5,1,Assisted in payment processing development
63,10,5.4,1,10.0,0.0476,0,1,0,0,0,0,0,0,1,1,0,0.0,0,0,0,1,1,0,0,0,1,0,0,1,0,0,0,0,1,1,11,0.55,1,0,10,1,Developed AI powered system using machine learning and big data
88,15,4.93,1,15.0,0.0114,1,1,0,0,2,1,0,0,1,1,0,0.1333,0,1,0,0,2,0,0,0,1,0,0,0,0,0,0,0,0,0,19,1.0,1,1,15,0,"Led a team of 17 engineers to redesign the recommendation system, reducing errors by 34%"
57,6,8.67,1,6.0,0.0,0,1,0,0,0,0,0,0,1,1,0,0.0,0,0,0,0,1,0,0,0,1,0,0,1,0,0,0,1,0,1,7,0.55,1,0,6,1,implemented kubernetes solution for recommendation system
34,4,7.75,1,4.0,0.0588,0,1,0,0,0,0,0,0,1,1,0,0.0,0,0,0,0,1,0,0,0,1,0,0,1,0,0,0,1,0,1,5,0.46,1,0,4,0,Automated deployments using Docker
48,6,7.17,1,6.0,0.0208,0,1,0,0,0,0,0,0,1,1,0,0.0,0,0,0,0,1,0,0,1,0,0,0,0,0,0,0,0,0,0,7,0.55,1,0,6,0,Developed backend endpoints for order management
28,5,4.8,1,5.0,0.0357,0,1,0,0,1,0,0,1,1,1,0,0.2,0,0,0,0,1,1,0,0,1,0,0,0,0,0,0,0,0,0,7,0.85,1,1,5,0,Improved response time by 3x
45,6,6.67,1,6.0,0.0222,0,1,0,0,0,0,0,0,1,1,0,0.0,0,0,0,0,1,0,0,1,0,0,0,0,0,0,0,0,0,0,6,0.55,1,0,6,0,Designed database schema for inventory system
42,6,6.17,2,3.0,0.0714,1,1,0,0,0,0,0,0,1,1,0,0.0,0,0,0,1,1,0,0,1,0,0,0,1,0,1,0,0,0,1,7,0.55,1,0,6,0,Created dashboard using React and Chart.js
48,6,7.17,1,6.0,0.0208,0,1,0,0,0,0,0,0,1,1,0,0.0,0,0,0,0,1,0,0,0,1,0,0,0,0,0,0,0,0,0,7,0.55,1,0,6,1,Developed backend endpoints for order management
74,8,7.5,1,8.0,0.0135,0,0,0,0,0,0,0,0,0,0,0,0.0,0,0,0,0,1,0,1,0,0,0,0,0,0,0,0,0,0,0,16,0.15,0,0,8,1,Employed  industry  standard  frameworks  for  data  pipeline  development
34,4,7.75,1,4.0,0.0588,0,1,0,0,0,0,0,0,1,1,0,0.0,0,0,0,0,1,0,0,1,0,0,0,1,0,0,0,1,0,1,5,0.46,1,0,4,0,Automated deployments using Docker
28,5,4.8,1,5.0,0.0357,0,1,0,0,1,0,0,1,1,1,0,0.2,0,0,0,0,1,1,1,0,0,0,0,0,0,0,0,0,0,0,7,0.85,1,1,5,0,Improved response time by 3x
27,4,6.0,1,4.0,0.1481,0,1,0,0,0,0,0,0,1,1,0,0.0,0,0,0,0,1,0,0,1,0,0,0,1,0,0,0,1,0,1,5,0.46,1,0,4,0,Deployed application on AWS
80,11,6.36,1,11.0,0.0,0,1,0,0,1,0,0,0,1,1,0,0.0909,0,0,0,0,1,0,0,1,0,0,0,1,0,1,0,0,0,1,13,0.85,1,1,11,0,built a notification service processing 12+ requests per second using tensorflow
22,4,4.75,1,4.0,0.0455,0,1,0,0,1,1,0,0,1,1,0,0.25,0,0,0,0,1,1,0,1,0,0,0,0,0,0,0,0,0,0,7,0.76,1,1,4,0,Reduced latency by 40%
44,6,6.5,1,6.0,0.0227,0,1,0,0,0,0,0,0,1,1,0,0.0,0,0,0,0,1,0,0,0,1,0,0,1,0,0,0,0,1,1,6,0.55,1,0,6,1,Created caching for data pipeline automation
68,9,6.67,1,9.0,0.0294,0,1,0,0,0,0,0,0,1,1,0,0.0,0,0,0,1,1,0,1,0,0,0,0,1,0,0,0,1,0,1,10,0.55,1,0,9,1,Engineered enterprise level solution using best practices and Docker
27,4,6.0,1,4.0,0.1481,0,1,0,0,0,0,0,0,1,1,0,0.0,0,0,0,0,1,0,1,0,0,0,0,1,0,0,0,1,0,1,5,0.46,1,0,4,0,Deployed application on AWS
54,6,8.17,1,6.0,0.0,0,1,0,0,0,0,0,0,1,1,0,0.0,0,0,0,0,1,0,0,1,0,0,0,0,0,0,0,0,0,0,7,0.55,1,0,6,1,designed notification service architecture for logging
49,6,7.33,1,6.0,0.0816,0,1,0,0,0,0,0,0,1,1,0,0.0,0,0,0,0,1,0,1,0,0,0,0,1,0,0,0,1,0,1,6,0.55,1,0,6,0,Implemented AWS solution for notification service
36,4,7.5,1,4.0,0.0556,0,0,0,0,0,0,0,0,0,0,0,0.0,0,0,0,0,1,0,0,1,0,0,0,1,0,1,0,0,0,1,8,0.06,0,0,4,1,Involved  in  Django  implementation
67,10,5.8,1,10.0,0.0149,0,0,0,0,1,0,0,0,0,0,1,0.1,0,0,0,0,1,0,1,0,0,0,0,0,0,0,0,0,0,0,13,0.45,0,1,10,1,Worked on analytics dashboard that processed 4+ requests per second
29,5,5.0,1,5.0,0.1034,0,0,0,0,0,0,0,0,0,0,0,0.0,0,0,0,0,1,0,0,0,1,0,0,0,0,0,0,0,0,0,7,0.15,0,0,5,0,Wrote unit tests using PyTest
55,9,5.22,1,9.0,0.0,0,0,0,0,1,0,0,0,0,0,0,0.1111,0,0,0,0,1,0,0,1,0,0,0,0,0,0,0,0,0,0,10,0.45,0,1,9,1,supported migration of api gateway completed in 4 weeks
27,4,6.0,1,4.0,0.1481,0,1,0,0,0,0,0,0,1,1,0,0.0,0,0,0,0,1,0,0,0,1,0,0,1,0,0,0,1,0,1,5,0.46,1,0,4,0,Deployed application on AWS
33,4,7.5,1,4.0,0.0606,0,1,0,0,0,0,0,0,1,1,0,0.0,0,0,0,0,1,0,1,0,0,0,0,0,0,0,0,0,0,0,4,0.46,1,0,4,1,Integrated Stripe payment gateway
63,11,4.82,1,11.0,0.0794,0,0,0,0,2,0,0,0,0,0,0,0.1818,0,0,0,0,1,0,0,0,1,0,0,1,1,0,0,0,0,1,13,0.45,0,1,11,0,Scaled API gateway from 17 to 500 concurrent users using Python
66,10,5.7,1,10.0,0.0152,0,0,0,0,1,0,0,0,0,0,1,0.1,0,0,0,0,1,0,0,0,1,0,0,0,0,0,0,0,0,0,13,0.45,0,1,10,1,Worked on inventory tracking that processed 8+ requests per second
75,8,8.5,1,8.0,0.0267,0,1,0,0,0,0,0,0,1,1,0,0.0,0,0,0,0,1,0,0,1,0,0,0,0,0,0,0,0,0,0,9,0.55,1,0,8,0,Implemented event-driven architecture using Kafka for recommendation system
47,4,11.0,1,4.0,0.0213,0,1,0,0,0,0,0,0,1,1,0,0.0,0,0,0,0,1,0,0,0,1,0,0,0,0,0,0,0,0,0,4,0.46,1,0,4,1,Managed authentication service responsibilities
59,7,7.57,1,7.0,0.0169,0,0,0,0,0,0,0,0,0,0,0,0.0,0,0,0,0,1,0,0,0,1,0,0,0,0,0,0,0,0,0,8,0.15,0,0,7,0,Planned normalized database schema for notification service
44,8,4.62,1,8.0,0.0227,0,0,0,0,0,0,0,0,0,0,0,0.0,0,0,0,0,1,0,1,0,0,0,0,0,0,0,0,0,0,0,8,0.15,0,0,8,1,Part of the team working on order management
34,4,7.75,1,4.0,0.0588,0,1,0,0,0,0,0,0,1,1,0,0.0,0,0,0,0,1,0,0,0,1,0,0,1,0,0,0,1,0,1,5,0.46,1,0,4,0,Automated deployments using Docker
88,15,4.93,1,15.0,0.0,1,1,0,0,2,1,0,0,1,1,0,0.1333,0,1,0,0,2,0,0,0,1,0,0,0,0,0,0,0,0,0,19,1.0,1,1,15,0,"led a team of 3 engineers to redesign the recommendation system, reducing latency by 58%"
68,9,6.67,1,9.0,0.0441,0,0,0,0,0,0,0,0,0,0,1,0.0,0,0,0,1,1,0,0,1,0,0,0,2,0,0,0,1,1,2,11,0.15,0,0,9,1,Worked on scalable microservices architecture with Docker and Docker
33,4,7.5,1,4.0,0.0,0,1,0,0,0,0,0,0,1,1,0,0.0,0,0,0,0,1,0,0,1,0,0,0,0,0,0,0,0,0,0,5,0.46,1,0,4,1,integrated stripe payment gateway
50,6,6.67,1,6.0,0.02,0,1,0,0,0,0,0,0,1,1,0,0.0,0,0,0,0,1,0,1,0,0,0,0,0,0,0,0,0,0,0,11,0.55,1,0,6,0,Designed  database  schema  for  inventory  system
28,5,4.8,1,5.0,0.4286,0,1,0,0,0,0,0,0,1,1,0,0.0,0,0,0,0,1,0,0,0,1,0,0,2,0,1,0,0,1,2,6,0.55,1,0,5,0,Built REST API using FastAPI
43,5,7.8,1,5.0,0.093,0,1,0,0,0,0,0,0,1,1,0,0.0,0,0,0,0,1,0,0,0,1,0,0,1,1,0,0,0,0,1,6,0.55,1,0,5,0,Optimized SQL queries improving performance
34,4,7.75,1,4.0,0.0588,0,1,0,0,0,0,0,0,1,1,0,0.0,0,0,0,0,1,0,0,0,1,0,0,1,0,0,0,1,0,1,5,0.46,1,0,4,0,Automated deployments using Docker
59,5,11.0,1,5.0,0.0169,0,0,0,0,0,0,0,0,0,0,0,0.0,0,0,0,0,1,0,0,0,1,0,0,0,0,0,0,0,0,0,8,0.15,0,0,5,0,Refactored authentication service improving maintainability
33,4,7.5,1,4.0,0.0606,0,1,0,0,0,0,0,0,1,1,0,0.0,0,0,0,0,1,0,0,0,1,0,0,0,0,0,0,0,0,0,4,0.46,1,0,4,0,Integrated Stripe payment gateway
47,6,7.0,1,6.0,0.1277,0,1,0,0,1,0,0,0,1,1,0,0.1667,0,0,0,1,1,0,1,0,0,0,0,0,0,0,0,0,0,0,7,0.85,1,1,6,0,Implemented authentication using JWT and OAuth2
31,5,5.4,1,5.0,0.0645,0,0,0,0,0,0,0,0,0,0,1,0.0,0,0,0,0,1,0,1,0,0,0,0,1,0,1,0,0,0,1,6,0.15,0,0,5,1,Helped with React related tasks
77,9,7.67,1,9.0,0.0,0,1,0,0,0,0,0,0,1,1,0,0.0,0,0,0,1,1,0,0,1,0,0,0,1,0,0,0,1,0,1,10,0.55,1,0,9,1,implemented distributed system using cloud native technologies and kubernetes
39,6,5.67,1,6.0,0.0256,0,0,0,0,1,1,0,0,0,0,0,0.1667,0,0,0,0,1,0,0,0,1,0,0,0,0,0,0,0,0,0,9,0.45,0,1,6,0,Wrote unit tests achieving 90% coverage
45,6,6.67,1,6.0,0.0222,0,1,0,0,0,0,0,0,1,1,0,0.0,0,0,0,0,1,0,0,0,1,0,0,0,0,0,0,0,0,0,6,0.55,1,0,6,0,Designed database schema for inventory system
33,4,7.5,1,4.0,0.0303,0,0,0,0,0,0,0,0,0,0,0,0.0,0,0,0,0,1,0,0,0,1,0,0,0,0,0,0,0,0,0,4,0.06,0,0,4,1,Handled inventory tracking duties
42,7,5.14,1,7.0,0.0238,0,0,0,0,0,0,0,0,0,0,0,0.0,0,0,0,1,1,0,1,0,0,0,0,0,0,0,0,0,0,0,7,0.15,0,0,7,0,Set up logging and monitoring for services
39,5,7.0,1,5.0,0.0256,0,0,0,0,0,0,0,0,0,0,0,0.0,0,0,0,0,1,0,1,0,0,0,0,0,0,0,0,0,0,0,6,0.15,0,0,5,1,Contributed to order management efforts
73,11,5.73,1,11.0,0.0274,0,0,0,0,2,0,0,0,0,0,0,0.1818,0,0,0,0,1,0,0,1,0,0,0,1,0,1,0,0,0,1,13,0.45,0,1,11,0,Scaled authentication service from 19 to 200 concurrent users using React
42,6,6.17,2,3.0,0.0714,1,1,0,0,0,0,0,0,1,1,0,0.0,0,0,0,1,1,0,0,1,0,0,0,1,0,1,0,0,0,1,7,0.55,1,0,6,1,Created dashboard using React and Chart.js
44,5,8.0,1,5.0,0.0,0,0,0,0,0,0,0,0,0,0,1,0.0,0,0,0,0,1,0,0,0,1,0,0,0,0,0,0,0,0,0,6,0.15,0,0,5,1,assisted in notification service development
32,4,7.25,1,4.0,0.0625,0,0,0,0,0,0,0,0,0,0,1,0.0,0,0,0,0,1,0,0,1,0,0,0,1,0,1,0,0,0,1,5,0.06,0,0,4,1,Involved in React implementation
53,7,6.71,1,7.0,0.0189,0,1,0,0,0,0,0,0,1,1,0,0.0,0,0,0,0,1,0,0,0,1,0,0,1,0,0,0,0,1,1,7,0.55,1,0,7,0,Designed normalized database schema for data pipeline
74,10,6.5,1,10.0,0.0135,0,1,0,0,0,0,0,0,1,1,0,0.0,0,0,0,1,1,0,0,1,0,0,0,0,0,0,0,0,0,0,10,0.55,1,0,10,0,Implemented retry logic and circuit breaker pattern in analytics dashboard
64,9,6.22,1,9.0,0.0156,0,0,0,0,1,0,0,0,0,0,0,0.1111,0,0,0,0,1,0,1,0,0,0,0,0,0,0,0,0,0,0,10,0.45,0,1,9,1,Supported migration of analytics dashboard completed in 18 weeks
49,7,6.14,1,7.0,0.0,0,1,0,0,0,0,0,0,1,1,0,0.0,0,0,0,1,1,0,1,0,0,0,0,2,0,1,0,0,1,2,9,0.55,1,0,7,0,implemented rest api using fastapi and postgresql
40,6,5.83,1,6.0,0.025,0,0,0,0,0,0,0,0,0,0,1,0.0,0,0,0,0,1,0,0,0,1,0,0,0,0,0,0,0,0,0,7,0.15,0,0,6,1,Worked on various search engine projects
48,7,5.14,1,7.0,0.0208,0,0,0,0,0,0,0,0,0,0,0,0.0,0,0,0,1,1,0,0,0,1,0,0,0,0,0,0,0,0,0,13,0.15,0,0,7,1,Set  up  logging  and  monitoring  for  services
67,9,6.56,2,4.5,0.0299,1,1,0,0,1,1,0,0,1,1,0,0.1111,0,0,0,0,1,1,1,0,0,0,0,0,0,0,0,0,0,0,13,0.85,1,1,9,0,Reduced order management downtime by 55% through Node.js monitoring
49,7,6.14,1,7.0,0.0,0,1,0,0,0,0,0,0,1,1,0,0.0,0,0,0,1,1,0,1,0,0,0,0,2,0,1,0,0,1,2,9,0.55,1,0,7,1,implemented rest api using fastapi and postgresql
80,9,7.11,1,9.0,0.05,0,0,0,0,0,0,0,0,0,0,0,0.0,0,0,0,1,1,0,1,0,0,0,0,3,1,0,0,1,1,3,19,0.15,0,0,9,1,Worked  on  scalable  microservices  architecture  with  TypeScript  and  Docker
84,15,4.67,1,15.0,0.0119,1,0,0,0,2,1,0,0,0,0,0,0.1333,0,1,0,0,2,0,1,0,0,0,0,0,0,0,0,0,0,0,21,0.6,0,1,15,0,"Oversaw a team of 10 engineers to redesign the search engine, reducing errors by 20%"
45,6,6.67,1,6.0,0.0889,0,1,0,0,0,0,0,0,1,1,0,0.0,0,0,0,0,1,0,0,1,0,0,0,0,0,0,0,0,0,0,6,0.55,1,0,6,0,Built authentication service using JWT tokens
41,8,4.25,1,8.0,0.0244,0,0,0,0,0,0,0,0,0,0,0,0.0,0,0,0,0,1,0,1,0,0,0,0,0,0,0,0,0,0,0,8,0.15,0,0,8,1,Part of the team working on search engine
67,10,5.8,1,10.0,0.0149,0,0,0,0,1,0,0,0,0,0,1,0.1,0,0,0,0,1,0,0,1,0,0,0,0,0,0,0,0,0,0,13,0.45,0,1,10,1,Worked on inventory tracking that processed 17+ requests per second
42,7,5.14,1,7.0,0.0238,0,0,0,0,0,0,0,0,0,0,0,0.0,0,0,0,1,1,0,1,0,0,0,0,0,0,0,0,0,0,0,7,0.15,0,0,7,0,Set up logging and monitoring for services
70,9,6.89,1,9.0,0.0714,0,0,0,0,0,0,0,0,0,0,1,0.0,0,0,0,1,1,0,0,1,0,0,0,3,0,0,1,1,1,3,11,0.15,0,0,9,1,Worked on scalable microservices architecture using MongoDB and Docker
53,8,5.75,1,8.0,0.0,0,1,0,0,0,0,0,0,1,1,0,0.0,0,0,0,1,1,0,0,1,0,0,0,2,0,0,1,0,1,2,8,0.55,1,0,8,1,created data pipeline module with mongodb and mongodb
77,12,5.5,1,12.0,0.026,0,1,0,0,2,0,0,0,1,1,0,0.1667,0,0,0,0,1,0,1,0,0,0,0,1,0,1,0,0,0,1,14,0.85,1,1,12,0,Implemented React integration reducing deployment time from 9 days to 1 hours
59,7,7.57,1,7.0,0.0508,0,0,0,0,0,0,0,0,0,0,0,0.0,0,0,0,0,1,0,0,1,0,0,0,1,0,0,0,1,0,1,9,0.15,0,0,7,0,Containerized entire application stack using Docker Compose
28,5,4.8,1,5.0,0.0357,0,1,0,0,1,0,0,1,1,1,0,0.2,0,0,0,0,1,1,0,0,1,0,0,0,0,0,0,0,0,0,7,0.85,1,1,5,0,Improved response time by 3x
57,8,6.25,1,8.0,0.0175,0,0,0,0,1,0,0,0,0,0,1,0.125,0,0,0,0,1,0,1,0,0,0,0,0,0,0,0,0,0,0,10,0.45,0,1,8,1,Responsible for analytics dashboard handling for 6 months
66,9,5.56,1,9.0,0.1818,0,1,0,0,1,0,0,0,1,1,0,0.1111,0,0,0,0,1,0,1,0,0,0,0,1,0,1,0,0,0,1,21,0.85,1,1,9,0,Developed  REST  APIs  serving  14000  daily  users  with  FastAPI
62,10,5.3,1,10.0,0.0484,0,1,0,0,0,0,0,0,1,1,0,0.0,0,0,0,1,1,0,0,1,0,0,0,1,0,0,0,0,1,1,11,0.55,1,0,10,1,Developed AI powered system with machine learning and big data
65,9,6.33,1,9.0,0.0769,0,0,0,0,1,1,0,0,0,0,0,0.1111,0,0,0,0,1,0,0,1,0,0,0,1,0,1,0,0,0,1,13,0.45,0,1,9,0,Achieved 56% test coverage for notification service using FastAPI
67,10,5.8,1,10.0,0.0597,1,0,0,0,1,1,0,0,0,0,0,0.1,0,1,0,0,2,0,0,0,1,0,0,1,0,0,0,1,0,1,14,0.45,0,1,10,0,"Migrated search engine to AWS, reducing infrastructure costs by 32%"
56,7,6.29,1,7.0,0.0,0,0,0,0,0,0,0,0,0,0,0,0.0,0,0,0,0,1,0,0,0,1,0,0,1,0,0,0,1,0,1,13,0.15,0,0,7,1,updated  notification  service  backend  to  use  docker
49,4,10.75,1,4.0,0.0,0,1,0,0,0,0,0,0,1,1,0,0.0,0,0,0,0,1,0,0,0,1,0,0,0,0,0,0,0,0,0,7,0.46,1,0,4,1,managed  recommendation  system  responsibilities
37,4,8.5,1,4.0,0.0541,0,0,0,0,0,0,0,0,0,0,0,0.0,0,0,0,0,1,0,0,1,0,0,0,1,0,0,0,1,0,1,5,0.06,0,0,4,0,Containerized application with Docker
61,8,6.75,1,8.0,0.0492,0,1,0,0,0,0,0,0,1,1,0,0.0,0,0,0,1,1,0,0,1,0,0,0,2,0,1,0,1,0,2,8,0.55,1,0,8,0,Created analytics dashboard module using Flask and Kubernetes
72,11,5.64,1,11.0,0.0417,0,0,0,0,2,0,0,0,0,0,0,0.1818,0,0,0,0,1,0,1,0,0,0,0,1,1,0,0,0,0,1,13,0.45,0,1,11,0,Scaled order management from 12 to 200 concurrent users using TypeScript
34,4,7.75,1,4.0,0.0588,0,1,0,0,0,0,0,0,1,1,0,0.0,0,0,0,0,1,0,1,0,0,0,0,1,0,0,0,1,0,1,5,0.46,1,0,4,0,Automated deployments using Docker
67,10,5.8,1,10.0,0.0149,0,0,0,0,1,0,0,0,0,0,1,0.1,0,0,0,0,1,0,1,0,0,0,0,0,0,0,0,0,0,0,13,0.45,0,1,10,1,Worked on payment processing that processed 14+ requests per second
33,4,7.5,1,4.0,0.0,0,1,0,0,0,0,0,0,1,1,0,0.0,0,0,0,0,1,0,0,0,1,0,0,0,0,0,0,0,0,0,5,0.46,1,0,4,1,integrated stripe payment gateway
42,7,5.14,1,7.0,0.0238,0,0,0,0,0,0,0,0,0,0,0,0.0,0,0,0,1,1,0,0,0,1,0,0,0,0,0,0,0,0,0,7,0.15,0,0,7,1,Set up logging and monitoring for services
62,9,6.0,1,9.0,0.0161,0,1,0,0,1,1,0,0,1,1,0,0.1111,0,0,0,0,1,0,0,0,1,0,0,1,0,0,0,0,1,1,12,0.85,1,1,9,0,Optimized data pipeline queries improving response time by 63%
43,5,7.8,1,5.0,0.093,0,1,0,0,0,0,0,0,1,1,0,0.0,0,0,0,0,1,0,0,0,1,0,0,1,1,0,0,0,0,1,6,0.55,1,0,5,0,Optimized SQL queries improving performance
30,4,6.75,1,4.0,0.0667,0,1,0,0,0,0,0,0,1,1,0,0.0,0,0,0,0,1,0,0,1,0,0,0,1,0,0,1,0,0,1,4,0.46,1,0,4,0,Implemented caching with Redis
59,5,11.0,1,5.0,0.0,0,0,0,0,0,0,0,0,0,0,0,0.0,0,0,0,0,1,0,0,0,1,0,0,0,0,0,0,0,0,0,8,0.15,0,0,5,0,refactored authentication service improving maintainability
61,9,5.89,1,9.0,0.0164,0,0,0,0,1,1,0,0,0,0,1,0.1111,0,0,0,0,1,0,0,0,1,0,0,0,0,0,0,0,0,0,12,0.45,0,1,9,1,Assisted in reducing incidents by 78% without owning delivery
57,8,6.25,1,8.0,0.0,1,0,0,0,2,0,0,0,0,0,0,0.25,0,1,0,0,2,0,0,0,1,0,0,0,0,0,0,0,0,0,12,0.45,0,1,8,1,"helped maintain recommendation system used by 9,000 users"
28,5,4.8,1,5.0,0.0357,0,1,0,0,1,0,0,1,1,1,0,0.2,0,0,0,0,1,1,1,0,0,0,0,0,0,0,0,0,0,0,7,0.85,1,1,5,0,Improved response time by 3x
61,9,5.89,1,9.0,0.0164,0,0,0,0,1,1,0,0,0,0,1,0.1111,0,0,0,0,1,0,1,0,0,0,0,0,0,0,0,0,0,0,12,0.45,0,1,9,1,Assisted in reducing incidents by 55% without owning delivery
63,6,8.83,1,6.0,0.0159,0,1,0,0,0,0,0,0,1,1,0,0.0,0,0,0,0,1,0,1,0,0,0,0,0,0,0,0,0,0,0,13,0.55,1,0,6,1,Architected  recommendation  system  architecture  for  logging
58,8,6.38,1,8.0,0.0517,0,1,0,0,0,0,0,0,1,1,0,0.0,0,0,0,1,1,0,0,0,1,0,0,2,0,1,0,0,0,1,8,0.55,1,0,8,1,Created notification service module using React and Django
54,6,8.17,1,6.0,0.0185,0,0,0,0,0,0,0,0,0,0,0,0.0,0,0,0,0,1,0,0,0,1,0,0,1,0,0,0,0,1,1,7,0.15,0,0,6,0,Introduced structured logging across all microservices
64,9,6.22,1,9.0,0.0156,0,0,0,0,1,0,0,0,0,0,0,0.1111,0,0,0,0,1,0,0,1,0,0,0,0,0,0,0,0,0,0,10,0.45,0,1,9,1,Supported migration of analytics dashboard completed in 14 weeks
32,5,5.6,1,5.0,0.0,0,0,0,0,0,0,0,0,0,0,1,0.0,0,0,0,0,1,0,0,0,1,0,0,1,0,1,0,0,0,1,6,0.15,0,0,5,1,helped with django related tasks
73,10,6.4,1,10.0,0.0137,0,1,0,0,0,0,0,0,1,1,0,0.0,0,0,0,1,1,0,0,1,0,0,0,0,0,0,0,0,0,0,10,0.55,1,0,10,0,Implemented retry logic and circuit breaker pattern in inventory tracking
58,7,7.43,1,7.0,0.0172,0,1,0,0,0,0,0,0,1,1,0,0.0,0,0,0,0,1,0,1,0,0,0,0,0,0,0,0,0,0,0,8,0.55,1,0,7,0,Engineered normalized database schema for order management
46,7,5.71,1,7.0,0.1304,0,0,0,0,0,0,0,0,0,0,0,0.0,0,0,0,0,1,0,0,0,1,0,0,2,0,1,0,0,0,1,9,0.15,0,0,7,0,Migrated backend service from Flask to FastAPI
42,5,7.6,1,5.0,0.0238,0,0,0,0,0,0,0,0,0,0,1,0.0,0,0,0,0,1,0,1,0,0,0,0,0,0,0,0,0,0,0,6,0.15,0,0,5,1,Assisted in payment processing development
49,7,6.14,1,7.0,0.3265,0,1,0,0,0,0,0,0,1,1,0,0.0,0,0,0,1,1,0,0,0,1,0,0,2,0,1,0,0,1,2,8,0.55,1,0,7,1,Implemented REST API using FastAPI and PostgreSQL
39,6,5.67,1,6.0,0.0256,0,0,0,0,1,1,0,0,0,0,0,0.1667,0,0,0,0,1,0,1,0,0,0,0,0,0,0,0,0,0,0,9,0.45,0,1,6,0,Wrote unit tests achieving 90% coverage
32,6,4.5,1,6.0,0.1562,0,0,0,0,0,0,0,0,0,0,0,0.0,0,0,0,0,1,0,0,1,0,0,0,1,0,0,1,0,0,1,6,0.15,0,0,6,1,Added Redis caching layer to API
69,8,7.75,1,8.0,0.0145,0,0,0,0,0,0,0,0,0,0,0,0.0,0,0,0,0,1,0,0,1,0,0,0,1,0,0,0,0,1,1,10,0.15,0,0,8,1,Leveraged agile methodologies to deliver payment processing solutions
83,12,6.0,1,12.0,0.0241,0,1,0,0,2,0,0,0,1,1,0,0.1667,0,0,0,0,1,0,0,1,0,0,0,1,0,0,0,1,0,1,14,0.85,1,1,12,0,Implemented Kubernetes integration reducing deployment time from 16 days to 3 hours
72,10,6.3,1,10.0,0.0417,0,1,0,0,1,1,0,0,1,1,0,0.1,0,0,0,0,1,0,1,0,0,0,0,1,1,0,0,0,0,1,13,0.85,1,1,10,0,Automated order management using TypeScript cutting manual effort by 29%
22,4,4.75,1,4.0,0.0455,0,1,0,0,1,1,0,0,1,1,0,0.25,0,0,0,0,1,1,0,0,1,0,0,0,0,0,0,0,0,0,7,0.76,1,1,4,0,Reduced latency by 40%
64,8,7.12,1,8.0,0.0156,0,0,0,0,0,0,0,0,0,0,0,0.0,0,0,0,0,1,0,1,0,0,0,0,1,0,0,0,0,1,1,10,0.15,0,0,8,1,Leveraged agile methodologies to deliver search engine solutions
30,4,6.75,1,4.0,0.0667,0,1,0,0,0,0,0,0,1,1,0,0.0,0,0,0,0,1,0,0,0,1,0,0,1,0,0,1,0,0,1,4,0.46,1,0,4,0,Implemented caching with Redis
52,7,6.57,1,7.0,0.0769,0,1,0,0,0,0,0,0,1,1,0,0.0,0,0,0,1,1,1,1,0,0,0,0,0,0,0,0,0,0,0,7,0.55,1,0,7,1,Improved API reliability through logging and retries
34,4,7.75,1,4.0,0.0588,0,1,0,0,0,0,0,0,1,1,0,0.0,0,0,0,0,1,0,1,0,0,0,0,1,0,0,0,1,0,1,5,0.46,1,0,4,0,Automated deployments using Docker
90,15,5.07,1,15.0,0.0111,1,1,0,0,2,1,0,0,1,1,0,0.1333,0,1,0,0,2,0,0,0,1,0,0,0,0,0,0,0,0,0,19,1.0,1,1,15,0,"Managed a team of 9 engineers to redesign the analytics dashboard, reducing latency by 79%"
27,5,4.6,1,5.0,0.037,0,0,0,0,1,0,0,0,0,0,0,0.2,0,0,0,0,1,0,0,1,0,0,0,0,0,0,0,0,0,0,7,0.45,0,1,5,0,Scaled service to 50k users
34,4,7.75,1,4.0,0.0588,0,1,0,0,0,0,0,0,1,1,0,0.0,0,0,0,0,1,0,0,1,0,0,0,1,0,0,0,1,0,1,5,0.46,1,0,4,0,Automated deployments using Docker
27,5,4.6,1,5.0,0.037,0,0,0,0,1,0,0,0,0,0,0,0.2,0,0,0,0,1,0,0,0,1,0,0,0,0,0,0,0,0,0,7,0.45,0,1,5,0,Scaled service to 50k users
42,7,5.14,1,7.0,0.0238,0,0,0,0,0,0,0,0,0,0,0,0.0,0,0,0,1,1,0,0,0,1,0,0,0,0,0,0,0,0,0,7,0.15,0,0,7,0,Set up logging and monitoring for services
72,11,5.64,1,11.0,0.0556,0,1,0,0,1,0,0,0,1,1,0,0.0909,0,0,0,0,1,0,1,0,0,0,0,1,0,0,0,1,0,1,13,0.85,1,1,11,0,Created a inventory tracking processing 4+ requests per second using AWS
54,6,8.17,1,6.0,0.0185,0,0,0,0,0,0,0,0,0,0,0,0.0,0,0,0,0,1,0,0,1,0,0,0,1,0,0,0,0,1,1,7,0.15,0,0,6,0,Introduced structured logging across all microservices
73,10,6.4,1,10.0,0.0137,0,1,0,0,0,0,0,0,1,1,0,0.0,0,0,0,1,1,0,0,0,1,0,0,0,0,0,0,0,0,0,10,0.55,1,0,10,0,Implemented retry logic and circuit breaker pattern in payment processing
42,5,7.6,1,5.0,0.0238,0,1,0,0,0,0,0,0,1,1,0,0.0,0,0,0,0,1,0,1,0,0,0,0,0,0,0,0,0,0,0,6,0.55,1,0,5,1,Created dashboards for operational metrics
66,9,6.44,1,9.0,0.0,0,0,0,0,1,1,0,0,0,0,1,0.1111,0,0,0,0,1,0,0,1,0,0,0,0,0,0,0,0,0,0,12,0.45,0,1,9,1,involved in monitoring authentication service with 5% uptime goals
59,7,7.57,1,7.0,0.0508,0,0,0,0,0,0,0,0,0,0,0,0.0,0,0,0,0,1,0,0,0,1,0,0,1,0,0,0,1,0,1,9,0.15,0,0,7,0,Containerized entire application stack using Docker Compose
29,5,5.0,1,5.0,0.1034,0,0,0,0,0,0,0,0,0,0,0,0.0,0,0,0,0,1,0,1,0,0,0,0,0,0,0,0,0,0,0,7,0.15,0,0,5,0,Wrote unit tests using PyTest
39,6,5.67,1,6.0,0.0256,0,0,0,0,1,1,0,0,0,0,0,0.1667,0,0,0,0,1,0,0,0,1,0,0,0,0,0,0,0,0,0,9,0.45,0,1,6,0,Wrote unit tests achieving 90% coverage
57,9,5.44,1,9.0,0.0351,0,0,0,0,1,1,0,0,0,0,0,0.1111,0,0,0,0,1,0,0,0,1,0,0,1,0,1,0,0,0,1,12,0.45,0,1,9,0,Achieved 53% test coverage for search engine using Django
22,4,4.75,1,4.0,0.0455,0,1,0,0,1,1,0,0,1,1,0,0.25,0,0,0,0,1,1,0,1,0,0,0,0,0,0,0,0,0,0,7,0.76,1,1,4,0,Reduced latency by 40%
61,8,6.75,1,8.0,0.0164,0,0,0,0,1,0,0,0,0,0,1,0.125,0,0,0,0,1,0,0,1,0,0,0,0,0,0,0,0,0,0,10,0.45,0,1,8,1,Responsible for authentication service handling for 11 months
27,5,4.6,1,5.0,0.037,0,0,0,0,1,0,0,0,0,0,0,0.2,0,0,0,0,1,0,1,0,0,0,0,0,0,0,0,0,0,0,7,0.45,0,1,5,0,Scaled service to 50k users
69,6,10.67,1,6.0,0.0145,0,1,0,0,0,0,0,0,1,1,0,0.0,0,0,0,0,1,0,0,1,0,0,0,0,0,0,0,0,0,0,9,0.55,1,0,6,1,Spearheaded transformational initiatives across recommendation system
39,6,5.67,1,6.0,0.0256,0,0,0,0,1,1,0,0,0,0,0,0.1667,0,0,0,0,1,0,0,1,0,0,0,0,0,0,0,0,0,0,9,0.45,0,1,6,0,Wrote unit tests achieving 90% coverage
30,4,6.75,1,4.0,0.0667,0,1,0,0,0,0,0,0,1,1,0,0.0,0,0,0,0,1,0,1,0,0,0,0,1,0,0,1,0,0,1,4,0.46,1,0,4,0,Implemented caching with Redis
49,5,8.2,1,5.0,0.0204,0,0,0,0,0,0,0,0,0,0,0,0.0,0,0,0,0,1,0,1,0,0,0,0,0,0,0,0,0,0,0,11,0.15,0,0,5,1,Participated  in  inventory  tracking  activities
61,9,5.89,1,9.0,0.0,0,0,0,0,1,1,0,0,0,0,1,0.1111,0,0,0,0,1,0,1,0,0,0,0,0,0,0,0,0,0,0,12,0.45,0,1,9,1,assisted in reducing incidents by 51% without owning delivery
27,4,6.0,1,4.0,0.1481,0,1,0,0,0,0,0,0,1,1,0,0.0,0,0,0,0,1,0,0,0,1,0,0,1,0,0,0,1,0,1,5,0.46,1,0,4,0,Deployed application on AWS
43,6,6.33,1,6.0,0.0233,0,0,0,0,0,0,0,0,0,0,1,0.0,0,0,0,0,1,0,0,1,0,0,0,0,0,0,0,0,0,0,7,0.15,0,0,6,1,Worked on various order management projects
71,11,5.55,1,11.0,0.0,0,0,0,0,0,0,0,0,1,0,0,0.0,0,0,0,0,1,0,1,0,0,0,0,1,0,0,0,1,0,1,11,0.55,1,0,11,0,set up automated ci pipeline with github actions for inventory tracking
54,6,7.33,1,6.0,0.037,0,1,0,0,0,0,0,0,1,1,0,0.0,0,0,0,0,1,0,0,0,1,0,0,1,0,1,0,0,0,1,11,0.55,1,0,6,0,Implemented  Flask  solution  for  inventory  tracking
76,10,6.7,1,10.0,0.0658,0,0,0,0,1,1,0,0,0,0,0,0.1,0,0,0,0,1,0,1,0,0,0,0,0,0,0,0,0,0,0,13,0.45,0,1,10,0,Migrated order management to PostgreSQL reducing infrastructure costs by 49%
27,5,4.6,1,5.0,0.037,0,0,0,0,1,0,0,0,0,0,0,0.2,0,0,0,0,1,0,0,1,0,0,0,0,0,0,0,0,0,0,7,0.45,0,1,5,0,Scaled service to 50k users
73,9,7.22,1,9.0,0.0822,0,0,0,0,0,0,0,0,0,0,1,0.0,0,0,0,1,1,0,0,0,1,0,0,2,0,0,0,1,1,2,11,0.15,0,0,9,1,Worked on scalable microservices architecture using PostgreSQL and Docker
46,6,6.83,1,6.0,0.0217,0,1,0,0,0,0,0,0,1,1,0,0.0,0,0,0,0,1,0,0,0,1,0,0,0,0,0,0,0,0,0,6,0.55,1,0,6,0,Built internal tools for deployment automation
48,7,6.0,1,7.0,0.0,0,0,0,0,0,0,0,0,0,0,0,0.0,0,0,0,0,1,0,0,0,1,0,0,1,0,0,1,0,0,1,7,0.15,0,0,7,1,added redis support to existing order management
67,9,6.56,1,9.0,0.0149,0,0,0,0,1,0,0,0,0,0,0,0.1111,0,0,0,0,1,0,1,0,0,0,0,0,0,0,0,0,0,0,10,0.45,0,1,9,1,Supported migration of authentication service completed in 17 weeks
34,4,7.75,1,4.0,0.0588,0,1,0,0,0,0,0,0,1,1,0,0.0,0,0,0,0,1,0,0,0,1,0,0,1,0,0,0,1,0,1,5,0.46,1,0,4,0,Automated deployments using Docker
28,5,4.8,1,5.0,0.0357,0,1,0,0,1,0,0,1,1,1,0,0.2,0,0,0,0,1,1,0,1,0,0,0,0,0,0,0,0,0,0,7,0.85,1,1,5,0,Improved response time by 3x
49,7,5.29,1,7.0,0.0408,0,0,0,0,0,0,0,0,0,0,0,0.0,0,0,0,0,1,0,0,0,1,0,0,1,0,1,0,0,0,1,13,0.15,0,0,7,0,Updated  data  pipeline  backend  to  use  Django
37,4,8.5,1,4.0,0.0541,0,0,0,0,0,0,0,0,0,0,0,0.0,0,0,0,0,1,0,0,0,1,0,0,1,0,0,0,1,0,1,5,0.06,0,0,4,0,Containerized application with Docker
34,5,6.0,1,5.0,0.0,0,0,0,0,0,0,0,0,0,0,0,0.0,0,0,0,0,1,0,1,0,0,0,0,0,0,0,0,0,0,0,6,0.15,0,0,5,1,tasked with api gateway operations
39,6,5.67,1,6.0,0.0256,0,0,0,0,1,1,0,0,0,0,0,0.1667,0,0,0,0,1,0,0,1,0,0,0,0,0,0,0,0,0,0,9,0.45,0,1,6,0,Wrote unit tests achieving 90% coverage
28,5,4.8,1,5.0,0.0357,0,1,0,0,1,0,0,1,1,1,0,0.2,0,0,0,0,1,1,0,1,0,0,0,0,0,0,0,0,0,0,7,0.85,1,1,5,0,Improved response time by 3x
28,5,4.8,1,5.0,0.4286,0,1,0,0,0,0,0,0,1,1,0,0.0,0,0,0,0,1,0,1,0,0,0,0,2,0,1,0,0,1,2,6,0.55,1,0,5,0,Built REST API using FastAPI
78,10,6.9,2,5.0,0.0256,2,0,0,0,1,1,0,0,0,0,0,0.1,0,1,0,0,2,0,0,0,1,0,0,0,0,0,0,0,0,0,15,0.45,0,1,10,0,"Migrated notification service to Node.js, reducing infrastructure costs by 23%"
39,5,7.0,1,5.0,0.1282,0,1,0,0,0,0,0,0,1,1,0,0.0,0,0,0,0,1,0,0,1,0,0,0,0,0,0,0,0,0,0,5,0.55,1,0,5,0,Designed database schema for PostgreSQL
36,5,6.4,1,5.0,0.0833,0,0,0,0,0,0,0,0,0,0,1,0.0,0,0,0,0,1,0,0,1,0,0,0,1,1,0,0,0,0,1,6,0.15,0,0,5,1,Helped with TypeScript related tasks
63,8,7.0,1,8.0,0.0476,0,1,0,0,0,0,0,0,1,1,0,0.0,0,0,0,0,1,0,0,0,1,0,0,0,0,0,0,0,0,0,9,0.55,1,0,8,1,Created highly scalable platform leveraging modern DevOps tools
39,6,5.67,1,6.0,0.0256,0,0,0,0,1,1,0,0,0,0,0,0.1667,0,0,0,0,1,0,0,1,0,0,0,0,0,0,0,0,0,0,9,0.45,0,1,6,0,Wrote unit tests achieving 90% coverage
28,5,4.8,1,5.0,0.0357,0,1,0,0,1,0,0,1,1,1,0,0.2,0,0,0,0,1,1,0,1,0,0,0,0,0,0,0,0,0,0,7,0.85,1,1,5,0,Improved response time by 3x
39,6,5.67,1,6.0,0.0256,0,0,0,0,1,1,0,0,0,0,0,0.1667,0,0,0,0,1,0,0,1,0,0,0,0,0,0,0,0,0,0,9,0.45,0,1,6,0,Wrote unit tests achieving 90% coverage
52,7,6.57,1,7.0,0.0769,0,1,0,0,0,0,0,0,1,1,0,0.0,0,0,0,1,1,1,0,1,0,0,0,0,0,0,0,0,0,0,7,0.55,1,0,7,0,Improved API reliability through logging and retries
27,4,6.0,1,4.0,0.1481,0,1,0,0,0,0,0,0,1,1,0,0.0,0,0,0,0,1,0,1,0,0,0,0,1,0,0,0,1,0,1,5,0.46,1,0,4,0,Deployed application on AWS
51,7,6.43,1,7.0,0.0392,0,0,0,0,0,0,0,0,0,0,0,0.0,0,0,0,0,1,0,0,0,1,0,0,1,0,0,0,1,0,1,7,0.15,0,0,7,1,Added Docker support to existing payment processing
57,6,8.67,1,6.0,0.0526,0,1,0,0,0,0,0,0,1,1,0,0.0,0,0,0,0,1,0,1,0,0,0,0,0,0,0,0,0,0,0,10,0.55,1,0,6,0,Developed real-time notification service using WebSockets
32,6,4.5,1,6.0,0.1562,0,0,0,0,0,0,0,0,0,0,0,0.0,0,0,0,0,1,0,1,0,0,0,0,1,0,0,1,0,0,1,6,0.15,0,0,6,0,Added Redis caching layer to API
37,4,8.5,1,4.0,0.0,0,0,0,0,0,0,0,0,0,0,0,0.0,0,0,0,0,1,0,0,0,1,0,0,1,0,0,0,1,0,1,5,0.06,0,0,4,1,containerized application with docker
96,16,5.06,1,16.0,0.0104,1,1,0,0,2,1,0,0,1,1,0,0.125,0,1,0,0,2,0,1,0,0,0,0,0,0,0,0,0,0,0,20,1.0,1,1,16,0,"Led a team of 20 engineers to redesign the authentication service, reducing response time by 74%"
34,4,7.75,1,4.0,0.0588,0,1,0,0,0,0,0,0,1,1,0,0.0,0,0,0,0,1,0,1,0,0,0,0,1,0,0,0,1,0,1,5,0.46,1,0,4,0,Automated deployments using Docker
57,9,5.44,1,9.0,0.0175,0,0,0,0,1,0,0,0,0,0,0,0.1111,0,0,0,0,1,0,1,0,0,0,0,0,0,0,0,0,0,0,10,0.45,0,1,9,1,Supported migration of search engine completed in 6 weeks
76,8,8.62,1,8.0,0.0132,0,0,0,0,0,0,0,0,0,0,0,0.0,0,0,0,0,1,0,0,0,1,0,0,0,0,0,0,0,0,0,9,0.15,0,0,8,1,Employed industry standard frameworks for authentication service development
27,4,6.0,1,4.0,0.1481,0,1,0,0,0,0,0,0,1,1,0,0.0,0,0,0,0,1,0,0,0,1,0,0,1,0,0,0,1,0,1,5,0.46,1,0,4,0,Deployed application on AWS
45,6,6.67,1,6.0,0.0,0,1,0,0,0,0,0,0,1,1,0,0.0,0,0,0,0,1,0,0,0,1,0,0,0,0,0,0,0,0,0,6,0.55,1,0,6,0,built authentication service using jwt tokens
65,9,6.33,1,9.0,0.0154,0,0,0,0,1,0,0,0,0,0,0,0.1111,0,0,0,0,1,0,0,0,1,0,0,0,0,0,0,0,0,0,10,0.45,0,1,9,1,Supported migration of notification service completed in 15 weeks
45,7,5.57,1,7.0,0.0222,0,0,0,0,0,0,0,0,0,0,0,0.0,0,0,0,0,1,0,0,0,1,0,0,0,0,0,0,0,0,0,7,0.15,0,0,7,1,Supported the team with order management work
59,10,5.0,1,10.0,0.0,0,0,0,0,1,0,0,0,0,0,1,0.1,0,0,0,0,1,0,0,0,1,0,0,0,0,0,0,0,0,0,12,0.45,0,1,10,1,worked on api gateway that processed 8+ requests per second
52,6,7.83,1,6.0,0.0192,0,1,0,0,0,0,0,0,1,1,0,0.0,0,0,0,0,1,0,0,0,1,0,0,0,0,0,0,0,0,0,6,0.55,1,0,6,0,Designed payment processing architecture for logging
66,9,6.44,1,9.0,0.0152,0,0,0,0,1,1,0,0,0,0,1,0.1111,0,0,0,0,1,0,1,0,0,0,0,0,0,0,0,0,0,0,12,0.45,0,1,9,1,Involved in monitoring recommendation system with 19% uptime goals
58,8,5.5,1,8.0,0.0172,0,0,0,0,1,0,0,0,0,0,0,0.125,0,0,0,0,1,0,0,0,1,0,0,0,0,0,0,0,0,0,17,0.45,0,1,8,1,Responsible  for  data  pipeline  handling  for  8  months
82,12,5.92,1,12.0,0.0244,0,1,0,0,2,0,0,0,1,1,0,0.1667,0,0,0,0,1,0,0,0,1,0,0,1,0,0,0,1,0,1,14,0.85,1,1,12,0,Implemented Kubernetes integration reducing deployment time from 3 days to 5 hours
74,8,8.38,1,8.0,0.0135,0,0,0,0,0,0,0,0,0,0,0,0.0,0,0,0,0,1,0,0,0,1,0,0,0,0,0,0,0,0,0,9,0.15,0,0,8,1,Employed industry standard frameworks for notification service development
27,4,6.0,1,4.0,0.1481,0,1,0,0,0,0,0,0,1,1,0,0.0,0,0,0,0,1,0,0,0,1,0,0,1,0,0,0,1,0,1,5,0.46,1,0,4,0,Deployed application on AWS
48,8,5.12,1,8.0,0.0208,0,0,0,0,0,0,0,0,0,0,0,0.0,0,0,0,0,1,0,0,0,1,0,0,0,0,0,0,0,0,0,8,0.15,0,0,8,1,Part of the team working on notification service
44,6,6.5,1,6.0,0.0455,0,1,0,0,0,0,0,0,1,1,0,0.0,0,0,0,0,1,0,0,0,1,0,0,2,0,1,0,0,1,2,6,0.55,1,0,6,0,Implemented React solution for data pipeline
39,5,7.0,1,5.0,0.0513,0,1,0,0,0,0,0,0,1,1,0,0.0,0,0,0,0,1,0,1,0,0,0,0,1,0,0,0,1,0,1,6,0.55,1,0,5,1,Developed order management using Docker
59,6,8.17,1,6.0,0.0,0,0,0,0,0,0,0,0,0,0,0,0.0,0,0,0,0,1,0,0,0,1,0,0,1,0,0,0,0,1,1,13,0.15,0,0,6,0,introduced  structured  logging  across  all  microservices
55,6,8.33,1,6.0,0.0,0,1,0,0,0,0,0,0,1,1,0,0.0,0,0,0,0,1,0,1,0,0,0,0,0,0,0,0,0,0,0,7,0.55,1,0,6,0,designed recommendation system architecture for logging
46,6,6.83,1,6.0,0.087,0,1,0,0,0,0,0,0,1,1,0,0.0,0,0,0,0,1,0,0,1,0,0,0,1,0,0,1,0,0,1,6,0.55,1,0,6,0,Implemented MongoDB solution for search engine
86,10,6.8,1,10.0,0.0233,1,0,0,0,1,1,0,0,0,0,0,0.1,0,1,0,0,2,0,0,1,0,0,0,1,1,0,0,0,0,1,23,0.45,0,1,10,0,"Migrated  notification  service  to  Python,  reducing  infrastructure  costs  by  43%"
67,9,6.56,1,9.0,0.0448,0,0,0,0,1,1,0,0,0,0,0,0.1111,0,0,0,0,1,0,0,0,1,0,0,1,1,0,0,0,0,1,12,0.45,0,1,9,0,Achieved 56% test coverage for notification service with TypeScript
58,8,6.38,1,8.0,0.0172,1,0,0,0,2,0,0,0,0,0,0,0.25,0,1,0,0,2,0,0,0,1,0,0,0,0,0,0,0,0,0,12,0.45,0,1,8,1,"Helped maintain recommendation system used by 16,000 users"
22,4,4.75,1,4.0,0.0455,0,1,0,0,1,1,0,0,1,1,0,0.25,0,0,0,0,1,1,0,1,0,0,0,0,0,0,0,0,0,0,7,0.76,1,1,4,0,Reduced latency by 40%
61,8,6.75,1,8.0,0.0492,0,1,0,0,0,0,0,0,1,1,0,0.0,0,0,0,0,1,0,0,0,1,0,0,0,0,0,0,0,0,0,9,0.55,1,0,8,1,Built highly scalable platform leveraging modern DevOps tools
43,5,7.8,1,5.0,0.093,0,1,0,0,0,0,0,0,1,1,0,0.0,0,0,0,0,1,0,0,0,1,0,0,1,1,0,0,0,0,1,6,0.55,1,0,5,0,Optimized SQL queries improving performance
69,9,5.89,1,9.0,0.0,0,0,0,0,1,1,0,0,0,0,0,0.1111,0,0,0,0,1,0,0,0,1,0,0,0,0,0,0,0,0,0,20,0.45,0,1,9,1,assisted  in  reducing  incidents  by  56%  without  owning  delivery
42,5,7.6,1,5.0,0.0952,0,1,0,0,0,0,0,0,1,1,0,0.0,0,0,0,0,1,0,0,0,1,0,0,1,0,0,1,0,0,1,5,0.55,1,0,5,1,Integrated MongoDB with inventory tracking
72,10,5.4,1,10.0,0.0417,0,1,0,0,0,0,0,0,1,1,0,0.0,0,0,0,1,1,0,1,0,0,0,0,0,0,0,0,0,0,0,20,0.55,1,0,10,1,Developed  AI  powered  system  using  machine  learning  and  big  data
50,8,5.38,1,8.0,0.02,1,0,0,0,2,0,0,0,0,0,0,0.25,0,1,0,0,2,0,0,1,0,0,0,0,0,0,0,0,0,0,12,0.45,0,1,8,1,"Helped maintain search engine used by 10,000 users"
27,4,6.0,1,4.0,0.1481,0,1,0,0,0,0,0,0,1,1,0,0.0,0,0,0,0,1,0,1,0,0,0,0,1,0,0,0,1,0,1,5,0.46,1,0,4,0,Deployed application on AWS
63,9,6.11,1,9.0,0.0159,0,0,0,0,1,0,0,0,0,0,0,0.1111,0,0,0,0,1,0,1,0,0,0,0,0,0,0,0,0,0,0,10,0.45,0,1,9,1,Supported migration of inventory tracking completed in 15 weeks
68,10,5.0,1,10.0,0.0588,0,0,0,0,1,0,0,0,0,0,0,0.1,0,0,0,0,1,0,0,0,1,0,0,0,0,0,0,0,0,0,22,0.45,0,1,10,1,Worked  on  API  gateway  that  processed  9+  requests  per  second
70,9,6.89,1,9.0,0.0714,0,1,0,0,0,0,0,0,1,1,0,0.0,0,0,0,1,1,0,1,0,0,0,0,0,0,0,0,0,0,0,9,0.55,1,0,9,1,Designed enterprise level solution using best practices and PostgreSQL
58,7,7.43,1,7.0,0.069,0,1,0,0,0,0,0,0,1,1,0,0.0,0,0,0,1,1,0,0,1,0,0,0,0,0,0,0,0,0,0,8,0.55,1,0,7,0,Integrated third-party APIs for payments and notifications
59,8,5.62,1,8.0,0.0169,0,0,0,0,1,0,0,0,0,0,0,0.125,0,0,0,0,1,0,1,0,0,0,0,0,0,0,0,0,0,0,17,0.45,0,1,8,1,Responsible  for  search  engine  handling  for  12  months
44,5,8.0,1,5.0,0.0,0,1,0,0,0,0,0,0,1,1,0,0.0,0,0,0,0,1,0,1,0,0,0,0,1,0,0,0,1,0,1,7,0.55,1,0,5,1,developed inventory tracking with kubernetes
57,9,5.44,1,9.0,0.0175,0,0,0,0,1,1,0,0,0,0,1,0.1111,0,0,0,0,1,0,1,0,0,0,0,1,0,0,0,0,1,1,12,0.45,0,1,9,1,Involved in monitoring data pipeline with 9% uptime goals
66,6,10.17,1,6.0,0.0152,0,1,0,0,0,0,0,0,1,1,0,0.0,0,0,0,0,1,0,1,0,0,0,0,0,0,0,0,0,0,0,9,0.55,1,0,6,1,Spearheaded transformational initiatives across inventory tracking
70,9,6.0,1,9.0,0.0143,0,1,0,0,1,1,0,0,1,1,0,0.1111,0,0,0,0,1,0,0,0,1,0,0,0,0,0,0,0,0,0,20,0.85,1,1,9,0,Optimized  data  pipeline  queries  improving  response  time  by  15%
43,6,6.33,1,6.0,0.0233,0,1,0,0,0,0,0,0,1,1,0,0.0,0,0,0,0,1,0,0,1,0,0,0,0,0,0,0,0,0,0,7,0.55,1,0,6,0,Built alerting for search engine automation
37,4,8.5,1,4.0,0.0541,0,0,0,0,0,0,0,0,0,0,0,0.0,0,0,0,0,1,0,0,0,1,0,0,1,0,0,0,1,0,1,5,0.06,0,0,4,1,Containerized application with Docker
34,4,7.75,2,2.0,0.0588,1,0,0,0,0,0,0,0,0,0,1,0.0,0,0,0,0,1,0,1,0,0,0,0,0,0,0,0,0,0,0,6,0.06,0,0,4,1,Involved in Node.js implementation
45,6,6.67,1,6.0,0.0222,0,1,0,0,0,0,0,0,1,1,0,0.0,0,0,0,0,1,0,0,0,1,0,0,0,0,0,0,0,0,0,6,0.55,1,0,6,0,Designed database schema for inventory system
22,4,4.75,1,4.0,0.0455,0,1,0,0,1,1,0,0,1,1,0,0.25,0,0,0,0,1,1,0,1,0,0,0,0,0,0,0,0,0,0,7,0.76,1,1,4,0,Reduced latency by 40%
44,5,8.0,1,5.0,0.0455,0,1,0,0,0,0,0,0,1,1,0,0.0,0,0,0,0,1,0,1,0,0,0,0,1,1,0,0,0,0,1,6,0.55,1,0,5,0,Developed recommendation system using Python
69,11,5.36,1,11.0,0.0725,0,1,0,0,1,0,0,0,1,1,0,0.0909,0,0,0,0,1,0,0,0,1,0,0,2,0,1,0,0,1,2,14,0.85,1,1,11,0,Built a data pipeline processing 13+ requests per second with FastAPI
34,4,7.75,2,2.0,0.0588,1,0,0,0,0,0,0,0,0,0,1,0.0,0,0,0,0,1,0,0,0,1,0,0,0,0,0,0,0,0,0,6,0.06,0,0,4,1,Involved in Node.js implementation
46,6,6.83,1,6.0,0.1304,0,1,0,0,1,0,0,0,1,1,0,0.1667,0,0,0,1,1,0,1,0,0,0,0,0,0,0,0,0,0,0,7,0.85,1,1,6,1,Implemented authentication with JWT and OAuth2
42,5,7.6,1,5.0,0.0238,0,1,0,0,0,0,0,0,1,1,0,0.0,0,0,0,0,1,0,0,0,1,0,0,0,0,0,0,0,0,0,6,0.55,1,0,5,0,Created dashboards for operational metrics
45,5,8.2,2,2.5,0.0444,1,1,0,0,0,0,0,0,1,1,0,0.0,0,0,0,0,1,0,0,0,1,0,0,0,0,0,0,0,0,0,7,0.55,1,0,5,0,Developed recommendation system using Node.js
76,10,6.7,1,10.0,0.0263,1,0,0,0,1,1,0,0,0,0,0,0.1,0,1,0,0,2,0,1,0,0,0,0,1,0,1,0,0,0,1,14,0.45,0,1,10,0,"Migrated analytics dashboard to Django, reducing infrastructure costs by 37%"
45,6,6.67,1,6.0,0.0222,0,0,0,0,0,0,0,0,0,0,1,0.0,0,0,0,0,1,0,1,0,0,0,0,0,0,0,0,0,0,0,7,0.15,0,0,6,1,Worked on various inventory tracking projects
40,5,7.2,1,5.0,0.0,0,1,0,0,0,0,0,0,1,1,0,0.0,0,0,0,0,1,0,1,0,0,0,0,1,0,1,0,0,0,1,6,0.55,1,0,5,1,integrated flask with payment processing
61,8,6.75,1,8.0,0.0492,0,1,0,0,0,0,0,0,1,1,0,0.0,0,0,0,0,1,0,0,1,0,0,0,0,0,0,0,0,0,0,9,0.55,1,0,8,1,Built highly scalable platform leveraging modern DevOps tools
65,9,6.33,1,9.0,0.0,0,0,0,0,1,1,0,0,0,0,1,0.1111,0,0,0,0,1,0,0,0,1,0,0,0,0,0,0,0,0,0,12,0.45,0,1,9,1,involved in monitoring notification service with 20% uptime goals
39,5,7.0,1,5.0,0.1282,0,1,0,0,0,0,0,0,1,1,0,0.0,0,0,0,0,1,0,1,0,0,0,0,0,0,0,0,0,0,0,5,0.55,1,0,5,0,Designed database schema for PostgreSQL
40,5,7.2,1,5.0,0.05,0,1,0,0,0,0,0,0,1,1,0,0.0,0,0,0,0,1,0,0,0,1,0,0,1,0,1,0,0,0,1,5,0.55,1,0,5,0,Integrated React with inventory tracking
57,8,6.25,1,8.0,0.0175,0,0,0,0,1,0,0,0,0,0,1,0.125,0,0,0,0,1,0,0,1,0,0,0,0,0,0,0,0,0,0,10,0.45,0,1,8,1,Responsible for payment processing handling for 18 months
39,5,7.0,1,5.0,0.1282,0,1,0,0,0,0,0,0,1,1,0,0.0,0,0,0,0,1,0,1,0,0,0,0,0,0,0,0,0,0,0,5,0.55,1,0,5,0,Designed database schema for PostgreSQL
68,9,6.67,1,9.0,0.0294,0,1,0,0,0,0,0,0,1,1,0,0.0,0,0,0,1,1,0,0,0,1,0,0,1,0,0,1,0,0,1,11,0.55,1,0,9,1,Architected enterprise level solution using best practices and Redis
34,4,7.75,1,4.0,0.0588,0,1,0,0,0,0,0,0,1,1,0,0.0,0,0,0,0,1,0,1,0,0,0,0,1,0,0,0,1,0,1,5,0.46,1,0,4,0,Automated deployments using Docker
76,11,6.0,1,11.0,0.0395,0,1,0,0,1,0,0,0,1,1,0,0.0909,0,0,0,0,1,0,1,0,0,0,0,1,1,0,0,0,0,1,13,0.85,1,1,11,0,Built a order management processing 11+ requests per second using TypeScript
63,9,6.11,1,9.0,0.0159,0,0,0,0,1,1,0,0,0,0,1,0.1111,0,0,0,0,1,0,0,1,0,0,0,0,0,0,0,0,0,0,12,0.45,0,1,9,1,Involved in monitoring inventory tracking with 14% uptime goals
61,9,5.89,1,9.0,0.0164,0,0,0,0,1,1,0,0,0,0,1,0.1111,0,0,0,0,1,0,0,0,1,0,0,0,0,0,0,0,0,0,12,0.45,0,1,9,1,Assisted in reducing incidents by 17% without owning delivery
39,6,5.67,1,6.0,0.0256,0,0,0,0,1,1,0,0,0,0,0,0.1667,0,0,0,0,1,0,0,0,1,0,0,0,0,0,0,0,0,0,9,0.45,0,1,6,0,Wrote unit tests achieving 90% coverage
42,7,5.14,1,7.0,0.0238,0,0,0,0,0,0,0,0,0,0,0,0.0,0,0,0,1,1,0,0,1,0,0,0,0,0,0,0,0,0,0,7,0.15,0,0,7,0,Set up logging and monitoring for services
34,4,7.75,1,4.0,0.0588,0,1,0,0,0,0,0,0,1,1,0,0.0,0,0,0,0,1,0,0,1,0,0,0,1,0,0,0,1,0,1,5,0.46,1,0,4,0,Automated deployments using Docker
67,8,7.5,1,8.0,0.0149,0,0,0,0,0,0,0,0,0,0,0,0.0,0,0,0,0,1,0,0,1,0,0,0,1,0,0,0,0,1,1,10,0.15,0,0,8,1,Leveraged agile methodologies to deliver order management solutions
27,4,6.0,1,4.0,0.1481,0,1,0,0,0,0,0,0,1,1,0,0.0,0,0,0,0,1,0,0,0,1,0,0,1,0,0,0,1,0,1,5,0.46,1,0,4,0,Deployed application on AWS
27,4,6.0,1,4.0,0.1481,0,1,0,0,0,0,0,0,1,1,0,0.0,0,0,0,0,1,0,1,0,0,0,0,1,0,0,0,1,0,1,5,0.46,1,0,4,0,Deployed application on AWS
59,8,6.5,1,8.0,0.0169,0,0,0,0,1,0,0,0,0,0,1,0.125,0,0,0,0,1,0,0,0,1,0,0,0,0,0,0,0,0,0,10,0.45,0,1,8,1,Responsible for notification service handling for 17 months
59,7,7.57,1,7.0,0.0508,0,0,0,0,0,0,0,0,0,0,0,0.0,0,0,0,0,1,0,0,1,0,0,0,1,0,0,0,1,0,1,9,0.15,0,0,7,0,Containerized entire application stack using Docker Compose
39,5,7.0,1,5.0,0.1282,0,1,0,0,0,0,0,0,1,1,0,0.0,0,0,0,0,1,0,0,0,1,0,0,0,0,0,0,0,0,0,5,0.55,1,0,5,0,Designed database schema for PostgreSQL
27,5,4.6,1,5.0,0.037,0,0,0,0,1,0,0,0,0,0,0,0.2,0,0,0,0,1,0,1,0,0,0,0,0,0,0,0,0,0,0,7,0.45,0,1,5,0,Scaled service to 50k users
43,5,7.8,1,5.0,0.0465,0,1,0,0,0,0,0,0,1,1,0,0.0,0,0,0,0,1,0,0,1,0,0,0,1,0,0,0,1,0,1,5,0.55,1,0,5,0,Integrated Docker with notification service
30,4,6.75,1,4.0,0.0667,0,1,0,0,0,0,0,0,1,1,0,0.0,0,0,0,0,1,0,1,0,0,0,0,1,0,0,1,0,0,1,4,0.46,1,0,4,0,Implemented caching with Redis
39,6,5.67,1,6.0,0.0256,0,0,0,0,1,1,0,0,0,0,0,0.1667,0,0,0,0,1,0,0,0,1,0,0,0,0,0,0,0,0,0,9,0.45,0,1,6,0,Wrote unit tests achieving 90% coverage
75,10,6.6,1,10.0,0.0667,1,1,0,0,1,1,0,0,1,1,0,0.1,0,1,0,0,2,0,0,1,0,0,0,0,0,0,0,0,0,0,14,0.85,1,1,10,0,"Automated inventory tracking using PostgreSQL, cutting manual effort by 15%"
39,5,7.0,1,5.0,0.1282,0,1,0,0,0,0,0,0,1,1,0,0.0,0,0,0,0,1,0,1,0,0,0,0,0,0,0,0,0,0,0,5,0.55,1,0,5,0,Designed database schema for PostgreSQL
61,7,7.86,1,7.0,0.0328,0,0,0,0,0,0,0,0,0,0,0,0.0,0,0,0,0,1,0,0,1,0,0,0,1,0,1,0,0,0,1,9,0.15,0,0,7,1,Applied best-in-class Flask solutions for analytics dashboard
69,8,6.88,1,8.0,0.087,0,1,0,0,0,0,0,0,1,1,0,0.0,0,0,0,1,1,0,0,1,0,0,0,1,1,0,0,0,0,1,15,0.55,1,0,8,0,Created  analytics  dashboard  module  using  Python  and  PostgreSQL
84,15,4.67,1,15.0,0.0119,1,1,0,0,2,1,0,0,1,1,0,0.1333,0,1,0,0,2,0,0,1,0,0,0,0,0,0,0,0,0,0,19,1.0,1,1,15,0,"Led a team of 5 engineers to redesign the order management, reducing failures by 59%"
28,5,4.8,1,5.0,0.4286,0,1,0,0,0,0,0,0,1,1,0,0.0,0,0,0,0,1,0,0,1,0,0,0,2,0,1,0,0,1,2,6,0.55,1,0,5,0,Built REST API using FastAPI
37,4,8.5,1,4.0,0.0541,0,0,0,0,0,0,0,0,0,0,0,0.0,0,0,0,0,1,0,1,0,0,0,0,1,0,0,0,1,0,1,5,0.06,0,0,4,1,Containerized application with Docker
41,5,7.4,1,5.0,0.0244,0,0,0,0,0,0,0,0,0,0,0,0.0,0,0,0,0,1,0,0,1,0,0,0,0,0,0,0,0,0,0,6,0.15,0,0,5,1,Tasked with inventory tracking operations
64,9,6.22,1,9.0,0.0156,0,0,0,0,1,1,0,0,0,0,1,0.1111,0,0,0,0,1,0,0,1,0,0,0,0,0,0,0,0,0,0,12,0.45,0,1,9,1,Involved in monitoring analytics dashboard with 15% uptime goals
38,5,6.0,1,5.0,0.1053,0,0,0,0,0,0,0,0,0,0,0,0.0,0,0,0,0,1,0,0,1,0,0,0,0,0,0,0,0,0,0,10,0.15,0,0,5,1,Tasked  with  API  gateway  operations
72,9,7.11,1,9.0,0.0278,0,1,0,0,1,1,0,0,1,1,0,0.1111,0,0,0,0,1,1,0,1,0,0,0,1,1,0,0,0,0,1,12,0.85,1,1,9,0,Reduced authentication service downtime by 59% through Python monitoring
63,9,6.11,1,9.0,0.0159,0,0,0,0,1,0,0,0,0,0,0,0.1111,0,0,0,0,1,0,0,1,0,0,0,0,0,0,0,0,0,0,10,0.45,0,1,9,1,Supported migration of payment processing completed in 20 weeks
28,5,4.8,1,5.0,0.0357,0,1,0,0,1,0,0,1,1,1,0,0.2,0,0,0,0,1,1,0,1,0,0,0,0,0,0,0,0,0,0,7,0.85,1,1,5,0,Improved response time by 3x
60,8,6.62,1,8.0,0.0,0,0,0,0,0,0,0,0,0,0,0,0.0,0,0,0,1,1,0,1,0,0,0,0,0,0,0,0,0,0,0,9,0.15,0,0,8,0,enhanced database performance with indexing and query tuning
42,7,5.14,1,7.0,0.0,0,0,0,0,0,0,0,0,0,0,0,0.0,0,0,0,1,1,0,0,0,1,0,0,0,0,0,0,0,0,0,7,0.15,0,0,7,1,set up logging and monitoring for services
38,5,6.8,1,5.0,0.1316,0,1,0,0,0,0,0,0,1,1,0,0.0,0,0,0,0,1,0,1,0,0,0,0,1,0,0,0,1,0,1,6,0.55,1,0,5,1,Developed API gateway using Kubernetes
55,7,7.0,1,7.0,0.0182,0,0,0,0,0,0,0,0,0,0,0,0.0,0,0,0,0,1,0,1,0,0,0,0,0,0,0,0,0,0,0,8,0.15,0,0,7,0,Wrote comprehensive integration tests for search engine
59,5,11.0,1,5.0,0.0169,0,0,0,0,0,0,0,0,0,0,0,0.0,0,0,0,0,1,0,0,0,1,0,0,0,0,0,0,0,0,0,8,0.15,0,0,5,0,Refactored authentication service improving maintainability
51,7,6.43,1,7.0,0.0196,0,0,0,0,0,0,0,0,0,0,0,0.0,0,0,0,0,1,0,0,1,0,0,0,0,0,0,0,0,0,0,7,0.15,0,0,7,1,Supported the team with authentication service work
34,4,7.75,1,4.0,0.0588,0,1,0,0,0,0,0,0,1,1,0,0.0,0,0,0,0,1,0,0,1,0,0,0,1,0,0,0,1,0,1,5,0.46,1,0,4,0,Automated deployments using Docker
55,8,6.0,1,8.0,0.0909,0,1,0,0,0,0,0,0,1,1,0,0.0,0,0,0,1,1,0,0,0,1,0,0,2,0,0,1,1,0,2,8,0.55,1,0,8,0,Created recommendation system module with Redis and AWS
41,8,4.25,1,8.0,0.0244,0,0,0,0,0,0,0,0,0,0,0,0.0,0,0,0,0,1,0,1,0,0,0,0,1,0,0,0,0,1,1,8,0.15,0,0,8,1,Part of the team working on data pipeline
64,9,6.22,1,9.0,0.0,0,0,0,0,1,0,0,0,0,0,0,0.1111,0,0,0,0,1,0,0,0,1,0,0,0,0,0,0,0,0,0,10,0.45,0,1,9,1,supported migration of analytics dashboard completed in 14 weeks
69,10,6.0,1,10.0,0.0,1,1,0,0,1,1,0,0,1,1,0,0.1,0,1,0,0,2,0,0,1,0,0,0,2,0,0,0,1,1,2,15,0.85,1,1,10,0,"automated data pipeline with kubernetes, cutting manual effort by 73%"
65,7,8.43,1,7.0,0.0462,0,0,0,0,0,0,0,0,0,0,0,0.0,0,0,0,0,1,0,1,0,0,0,0,1,0,1,0,0,0,1,9,0.15,0,0,7,1,Applied best-in-class TensorFlow solutions for inventory tracking
50,6,7.5,1,6.0,0.02,0,1,0,0,0,0,0,0,1,1,0,0.0,0,0,0,0,1,0,1,0,0,0,0,0,0,0,0,0,0,0,6,0.55,1,0,6,0,Built deployment for payment processing automation
39,5,7.0,1,5.0,0.1282,0,1,0,0,0,0,0,0,1,1,0,0.0,0,0,0,0,1,0,1,0,0,0,0,0,0,0,0,0,0,0,5,0.55,1,0,5,0,Designed database schema for PostgreSQL
30,4,6.75,1,4.0,0.0667,0,1,0,0,0,0,0,0,1,1,0,0.0,0,0,0,0,1,0,0,1,0,0,0,1,0,0,1,0,0,1,4,0.46,1,0,4,0,Implemented caching with Redis
27,4,6.0,1,4.0,0.1481,0,1,0,0,0,0,0,0,1,1,0,0.0,0,0,0,0,1,0,0,0,1,0,0,1,0,0,0,1,0,1,5,0.46,1,0,4,0,Deployed application on AWS
48,6,7.17,1,6.0,0.0208,0,1,0,0,0,0,0,0,1,1,0,0.0,0,0,0,0,1,0,0,1,0,0,0,0,0,0,0,0,0,0,7,0.55,1,0,6,1,Developed backend endpoints for order management
77,10,6.8,1,10.0,0.0,0,1,0,0,0,0,0,0,1,1,0,0.0,0,0,0,1,1,0,1,0,0,0,0,0,0,0,0,0,0,0,10,0.55,1,0,10,0,implemented retry logic and circuit breaker pattern in authentication service
42,6,6.17,2,3.0,0.0714,1,1,0,0,0,0,0,0,1,1,0,0.0,0,0,0,1,1,0,0,1,0,0,0,1,0,1,0,0,0,1,7,0.55,1,0,6,1,Created dashboard using React and Chart.js
42,7,5.14,1,7.0,0.0,0,0,0,0,0,0,0,0,0,0,0,0.0,0,0,0,1,1,0,0,0,1,0,0,0,0,0,0,0,0,0,7,0.15,0,0,7,1,set up logging and monitoring for services
77,9,7.67,1,9.0,0.0,0,1,0,0,0,0,0,0,1,1,0,0.0,0,0,0,1,1,0,0,0,1,0,0,0,0,0,0,0,0,0,10,0.55,1,0,9,1,implemented distributed system using cloud native technologies and postgresql
56,9,5.33,1,9.0,0.0714,0,0,0,0,1,1,0,0,0,0,1,0.1111,0,0,0,0,1,0,0,0,1,0,0,0,0,0,0,0,0,0,12,0.45,0,1,9,1,Involved in monitoring API gateway with 20% uptime goals
54,6,8.17,1,6.0,0.0185,0,0,0,0,0,0,0,0,0,0,0,0.0,0,0,0,0,1,0,0,0,1,0,0,1,0,0,0,0,1,1,7,0.15,0,0,6,0,Introduced structured logging across all microservices
32,6,4.5,1,6.0,0.0,0,0,0,0,0,0,0,0,0,0,0,0.0,0,0,0,0,1,0,1,0,0,0,0,1,0,0,1,0,0,1,6,0.15,0,0,6,0,added redis caching layer to api
61,8,6.75,1,8.0,0.0492,0,1,0,0,0,0,0,0,1,1,0,0.0,0,0,0,0,1,0,0,0,1,0,0,0,0,0,0,0,0,0,9,0.55,1,0,8,1,Built highly scalable platform leveraging modern DevOps tools
47,6,7.0,1,6.0,0.0213,0,1,0,0,0,0,0,0,1,1,0,0.0,0,0,0,0,1,0,0,1,0,0,0,0,0,0,0,0,0,0,6,0.55,1,0,6,1,Built logging for payment processing automation
39,5,7.0,1,5.0,0.1282,0,1,0,0,0,0,0,0,1,1,0,0.0,0,0,0,0,1,0,1,0,0,0,0,0,0,0,0,0,0,0,5,0.55,1,0,5,0,Designed database schema for PostgreSQL
41,5,7.4,1,5.0,0.0,0,0,0,0,0,0,0,0,0,0,1,0.0,0,0,0,0,1,0,1,0,0,0,0,1,0,0,0,0,1,1,6,0.15,0,0,5,1,responsible for data pipeline maintenance
39,5,7.0,1,5.0,0.1282,0,1,0,0,0,0,0,0,1,1,0,0.0,0,0,0,0,1,0,1,0,0,0,0,0,0,0,0,0,0,0,5,0.55,1,0,5,0,Designed database schema for PostgreSQL
57,7,7.29,1,7.0,0.0175,0,1,0,0,0,0,0,0,1,1,0,0.0,0,0,0,0,1,0,0,1,0,0,0,0,0,0,0,0,0,0,7,0.55,1,0,7,0,Created reusable component library for frontend dashboard
50,6,7.5,1,6.0,0.0,0,1,0,0,0,0,0,0,1,1,0,0.0,0,0,0,0,1,0,1,0,0,0,0,1,0,0,0,0,1,1,7,0.55,1,0,6,0,designed data pipeline architecture for monitoring
63,10,5.4,1,10.0,0.0476,0,1,0,0,0,0,0,0,1,1,0,0.0,0,0,0,1,1,0,1,0,0,0,0,1,0,0,0,0,1,1,11,0.55,1,0,10,1,Developed AI powered system using machine learning and big data
33,4,7.5,1,4.0,0.0606,0,1,0,0,0,0,0,0,1,1,0,0.0,0,0,0,0,1,0,0,0,1,0,0,0,0,0,0,0,0,0,4,0.46,1,0,4,1,Integrated Stripe payment gateway
68,10,5.9,1,10.0,0.0,0,1,0,0,0,0,0,0,1,1,0,0.0,0,0,0,1,1,0,0,1,0,0,0,1,0,0,0,0,1,1,10,0.55,1,0,10,0,implemented retry logic and circuit breaker pattern in data pipeline
42,6,6.17,2,3.0,0.0714,1,1,0,0,0,0,0,0,1,1,0,0.0,0,0,0,1,1,0,0,1,0,0,0,1,0,1,0,0,0,1,7,0.55,1,0,6,1,Created dashboard using React and Chart.js
57,9,5.44,1,9.0,0.0175,0,0,0,0,1,0,0,0,0,0,0,0.1111,0,0,0,0,1,0,0,1,0,0,0,0,0,0,0,0,0,0,10,0.45,0,1,9,1,Supported migration of search engine completed in 9 weeks
43,6,6.33,1,6.0,0.0,0,0,0,0,0,0,0,0,0,0,1,0.0,0,0,0,0,1,0,0,0,1,0,0,0,0,0,0,0,0,0,6,0.15,0,0,6,1,worked on various order management projects
73,10,6.4,1,10.0,0.0548,1,1,0,0,1,1,0,0,1,1,0,0.1,0,1,0,0,2,0,0,1,0,0,0,1,0,0,1,0,0,1,14,0.85,1,1,10,0,"Automated analytics dashboard using MongoDB, cutting manual effort by 45%"
41,4,9.5,1,4.0,0.0244,0,1,0,0,0,0,0,0,1,1,0,0.0,0,0,0,0,1,0,0,1,0,0,0,0,0,0,0,0,0,0,4,0.46,1,0,4,1,Managed order management responsibilities
30,4,6.75,1,4.0,0.0667,0,1,0,0,0,0,0,0,1,1,0,0.0,0,0,0,0,1,0,1,0,0,0,0,1,0,0,1,0,0,1,4,0.46,1,0,4,0,Implemented caching with Redis
41,5,7.4,1,5.0,0.0,0,0,0,0,0,0,0,0,0,0,1,0.0,0,0,0,0,1,0,1,0,0,0,0,1,0,0,0,0,1,1,6,0.15,0,0,5,1,responsible for data pipeline maintenance
73,9,7.22,1,9.0,0.0548,0,1,0,0,0,0,0,0,1,1,0,0.0,0,0,0,1,1,0,0,1,0,0,0,1,0,0,1,0,0,1,9,0.55,1,0,9,1,Implemented distributed system with cloud native technologies and MongoDB
39,5,7.0,1,5.0,0.1282,0,1,0,0,0,0,0,0,1,1,0,0.0,0,0,0,0,1,0,0,0,1,0,0,0,0,0,0,0,0,0,5,0.55,1,0,5,0,Designed database schema for PostgreSQL
43,5,7.8,1,5.0,0.0233,0,0,0,0,0,0,0,0,0,0,1,0.0,0,0,0,0,1,0,0,0,1,0,0,0,0,0,0,0,0,0,6,0.15,0,0,5,1,Assisted in analytics dashboard development
28,5,4.8,1,5.0,0.0357,0,1,0,0,1,0,0,1,1,1,0,0.2,0,0,0,0,1,1,0,0,1,0,0,0,0,0,0,0,0,0,7,0.85,1,1,5,0,Improved response time by 3x
73,11,5.73,2,5.5,0.0,1,0,0,0,2,0,0,0,0,0,0,0.1818,0,0,0,0,1,0,0,0,1,0,0,0,0,0,0,0,0,0,14,0.45,0,1,11,0,scaled notification service from 12 to 400 concurrent users using node.js
59,7,7.57,1,7.0,0.0508,0,0,0,0,0,0,0,0,0,0,0,0.0,0,0,0,0,1,0,0,0,1,0,0,1,0,0,0,1,0,1,9,0.15,0,0,7,0,Containerized entire application stack using Docker Compose
55,7,6.14,1,7.0,0.0,0,1,0,0,0,0,0,0,1,1,0,0.0,0,0,0,1,1,0,0,1,0,0,0,1,0,1,0,0,0,1,15,0.55,1,0,7,1,implemented  rest  api  using  fastapi  and  postgresql
64,7,8.29,1,7.0,0.0156,0,1,0,0,0,0,0,0,1,1,0,0.0,0,0,0,0,1,0,0,0,1,0,0,0,0,0,0,0,0,0,8,0.55,1,0,7,0,Implemented role-based access control for authentication service
49,5,9.0,1,5.0,0.0204,0,0,0,0,0,0,0,0,0,0,0,0.0,0,0,0,0,1,0,0,1,0,0,0,1,0,0,0,0,1,1,7,0.15,0,0,5,0,Contributed to microservices migration initiative
30,4,6.75,1,4.0,0.0667,0,1,0,0,0,0,0,0,1,1,0,0.0,0,0,0,0,1,0,0,0,1,0,0,1,0,0,1,0,0,1,4,0.46,1,0,4,0,Implemented caching with Redis
70,9,6.89,1,9.0,0.0429,0,1,0,0,0,0,0,0,1,1,0,0.0,0,0,0,1,1,0,0,0,1,0,0,1,1,0,0,0,0,1,9,0.55,1,0,9,1,Designed enterprise level solution using best practices and TypeScript
66,10,5.7,1,10.0,0.0152,0,0,0,0,1,0,0,0,0,0,1,0.1,0,0,0,0,1,0,1,0,0,0,0,0,0,0,0,0,0,0,13,0.45,0,1,10,1,Worked on payment processing that processed 8+ requests per second
60,9,5.78,1,9.0,0.0333,0,0,0,0,1,1,0,0,0,0,0,0.1111,0,0,0,0,1,0,0,1,0,0,0,1,1,0,0,0,0,1,12,0.45,0,1,9,0,Achieved 39% test coverage for order management using Python
54,6,8.17,1,6.0,0.0,0,0,0,0,0,0,0,0,0,0,0,0.0,0,0,0,0,1,0,0,0,1,0,0,1,0,0,0,0,1,1,8,0.15,0,0,6,0,introduced structured logging across all microservices
58,7,7.43,1,7.0,0.0,0,1,0,0,0,0,0,0,1,1,0,0.0,0,0,0,1,1,0,0,1,0,0,0,0,0,0,0,0,0,0,9,0.55,1,0,7,1,integrated third-party apis for payments and notifications
39,5,7.0,1,5.0,0.1282,0,1,0,0,0,0,0,0,1,1,0,0.0,0,0,0,0,1,0,1,0,0,0,0,0,0,0,0,0,0,0,5,0.55,1,0,5,0,Designed database schema for PostgreSQL
45,6,6.67,1,6.0,0.0222,0,1,0,0,0,0,0,0,1,1,0,0.0,0,0,0,0,1,0,0,0,1,0,0,0,0,0,0,0,0,0,6,0.55,1,0,6,0,Designed database schema for inventory system
48,5,8.8,1,5.0,0.0208,0,0,0,0,0,0,0,0,0,0,1,0.0,0,0,0,0,1,0,0,0,1,0,0,0,0,0,0,0,0,0,6,0.15,0,0,5,1,Responsible for notification service maintenance
45,6,6.67,1,6.0,0.0222,0,0,0,0,0,0,0,0,0,0,1,0.0,0,0,0,0,1,0,0,1,0,0,0,0,0,0,0,0,0,0,7,0.15,0,0,6,1,Worked on various payment processing projects
48,5,8.0,1,5.0,0.0,0,0,0,0,0,0,0,0,0,0,0,0.0,0,0,0,0,1,0,0,1,0,0,0,0,0,0,0,0,0,0,10,0.15,0,0,5,1,tasked  with  recommendation  system  operations
27,5,4.6,1,5.0,0.037,0,0,0,0,1,0,0,0,0,0,0,0.2,0,0,0,0,1,0,0,0,1,0,0,0,0,0,0,0,0,0,7,0.45,0,1,5,0,Scaled service to 50k users
67,11,5.18,1,11.0,0.0299,0,1,0,0,1,0,0,0,1,1,0,0.0909,0,0,0,0,1,0,0,1,0,0,0,2,0,1,0,0,1,2,13,0.85,1,1,11,0,Built a data pipeline processing 3+ requests per second with Django
70,10,5.2,1,10.0,0.0143,0,0,0,0,1,0,0,0,0,0,0,0.1,0,0,0,0,1,0,0,1,0,0,0,0,0,0,0,0,0,0,22,0.45,0,1,10,1,Worked  on  search  engine  that  processed  6+  requests  per  second
29,5,5.0,1,5.0,0.0,0,0,0,0,0,0,0,0,0,0,0,0.0,0,0,0,0,1,0,1,0,0,0,0,0,0,0,0,0,0,0,6,0.15,0,0,5,0,wrote unit tests using pytest
22,4,4.75,1,4.0,0.0455,0,1,0,0,1,1,0,0,1,1,0,0.25,0,0,0,0,1,1,1,0,0,0,0,0,0,0,0,0,0,0,7,0.76,1,1,4,0,Reduced latency by 40%
46,8,4.88,1,8.0,0.0217,0,0,0,0,0,0,0,0,0,0,0,0.0,0,0,0,0,1,0,1,0,0,0,0,0,0,0,0,0,0,0,8,0.15,0,0,8,1,Part of the team working on payment processing
39,5,7.0,1,5.0,0.1282,0,1,0,0,0,0,0,0,1,1,0,0.0,0,0,0,0,1,0,0,0,1,0,0,0,0,0,0,0,0,0,5,0.55,1,0,5,0,Designed database schema for PostgreSQL
72,9,7.11,1,9.0,0.0694,0,1,0,0,1,1,0,0,1,1,0,0.1111,0,0,0,0,1,1,0,1,0,0,0,0,0,0,0,0,0,0,12,0.85,1,1,9,0,Reduced inventory tracking downtime by 17% through PostgreSQL monitoring
64,7,8.29,1,7.0,0.0156,0,1,0,0,0,0,0,0,1,1,0,0.0,0,0,0,0,1,0,0,1,0,0,0,0,0,0,0,0,0,0,8,0.55,1,0,7,0,Implemented role-based access control for authentication service
49,6,7.33,1,6.0,0.0204,0,0,0,0,0,0,0,0,0,0,1,0.0,0,0,0,0,1,0,0,0,1,0,0,0,0,0,0,0,0,0,7,0.15,0,0,6,1,Worked on various authentication service projects
39,5,7.0,1,5.0,0.1282,0,1,0,0,0,0,0,0,1,1,0,0.0,0,0,0,0,1,0,1,0,0,0,0,0,0,0,0,0,0,0,5,0.55,1,0,5,0,Designed database schema for PostgreSQL
65,7,7.57,1,7.0,0.0462,0,0,0,0,0,0,0,0,0,0,0,0.0,0,0,0,0,1,0,1,0,0,0,0,1,0,0,0,1,0,1,15,0.15,0,0,7,0,Containerized  entire  application  stack  using  Docker  Compose
22,4,4.75,1,4.0,0.0455,0,1,0,0,1,1,0,0,1,1,0,0.25,0,0,0,0,1,1,1,0,0,0,0,0,0,0,0,0,0,0,7,0.76,1,1,4,0,Reduced latency by 40%
43,5,7.8,1,5.0,0.093,0,1,0,0,0,0,0,0,1,1,0,0.0,0,0,0,0,1,0,0,1,0,0,0,1,1,0,0,0,0,1,6,0.55,1,0,5,0,Optimized SQL queries improving performance
27,4,6.0,1,4.0,0.1481,0,1,0,0,0,0,0,0,1,1,0,0.0,0,0,0,0,1,0,0,1,0,0,0,1,0,0,0,1,0,1,5,0.46,1,0,4,0,Deployed application on AWS
45,5,8.2,1,5.0,0.0222,0,0,0,0,0,0,0,0,0,0,0,0.0,0,0,0,0,1,0,1,0,0,0,0,0,0,0,0,0,0,0,6,0.15,0,0,5,1,Contributed to authentication service efforts
72,9,7.11,1,9.0,0.0417,0,1,0,0,1,1,0,0,1,1,0,0.1111,0,0,0,0,1,1,1,0,0,0,0,1,0,1,0,0,0,1,12,0.85,1,1,9,0,Reduced inventory tracking downtime by 69% through TensorFlow monitoring
59,5,11.0,1,5.0,0.0169,0,0,0,0,0,0,0,0,0,0,0,0.0,0,0,0,0,1,0,0,0,1,0,0,0,0,0,0,0,0,0,8,0.15,0,0,5,0,Refactored authentication service improving maintainability
58,8,6.38,1,8.0,0.1207,0,1,0,0,0,0,0,0,1,1,0,0.0,0,0,0,0,1,0,0,0,1,0,0,3,0,0,1,0,1,2,11,0.55,1,0,8,0,Architected data pipeline for ETL processing using MongoDB
43,5,7.8,1,5.0,0.093,0,1,0,0,0,0,0,0,1,1,0,0.0,0,0,0,0,1,0,0,0,1,0,0,1,1,0,0,0,0,1,6,0.55,1,0,5,0,Optimized SQL queries improving performance
27,4,6.0,1,4.0,0.1481,0,1,0,0,0,0,0,0,1,1,0,0.0,0,0,0,0,1,0,0,1,0,0,0,1,0,0,0,1,0,1,5,0.46,1,0,4,0,Deployed application on AWS
73,9,7.22,1,9.0,0.0,0,0,0,0,0,0,0,0,0,0,1,0.0,0,0,0,1,1,0,0,0,1,0,0,2,0,0,0,1,1,2,11,0.15,0,0,9,1,worked on scalable microservices architecture using postgresql and docker
46,5,8.4,1,5.0,0.0,0,0,0,0,0,0,0,0,0,0,1,0.0,0,0,0,0,1,0,1,0,0,0,0,0,0,0,0,0,0,0,6,0.15,0,0,5,1,responsible for payment processing maintenance
59,9,5.67,1,9.0,0.1525,1,1,0,0,2,0,0,0,1,1,0,0.2222,0,1,0,0,2,0,0,1,0,0,0,2,1,0,0,0,1,2,13,0.85,1,1,9,0,"Developed REST APIs serving 18,000 daily users using Python"
34,5,6.0,1,5.0,0.1176,0,0,0,0,0,0,0,0,0,0,0,0.0,0,0,0,0,1,0,0,1,0,0,0,0,0,0,0,0,0,0,6,0.15,0,0,5,1,Contributed to API gateway efforts
58,7,6.57,1,7.0,0.0345,0,0,0,0,0,0,0,0,0,0,0,0.0,0,0,0,0,1,0,1,0,0,0,0,1,0,1,0,0,0,1,13,0.15,0,0,7,1,Added  React  support  to  existing  notification  service
68,9,6.67,1,9.0,0.0294,0,1,0,0,1,1,0,0,1,1,0,0.1111,0,0,0,0,1,1,0,1,0,0,0,1,0,1,0,0,0,1,12,0.85,1,1,9,0,Reduced payment processing downtime by 54% through Django monitoring
59,7,7.57,1,7.0,0.0508,0,0,0,0,0,0,0,0,0,0,0,0.0,0,0,0,0,1,0,1,0,0,0,0,1,0,0,0,1,0,1,9,0.15,0,0,7,0,Containerized entire application stack using Docker Compose
69,9,6.78,1,9.0,0.029,0,1,0,0,0,0,0,0,1,1,0,0.0,0,0,0,1,1,0,0,1,0,0,0,1,0,1,0,0,0,1,11,0.55,1,0,9,1,Architected enterprise level solution using best practices and Django
79,11,6.27,1,11.0,0.0633,0,1,0,0,1,0,0,0,1,1,0,0.0909,0,0,0,0,1,0,1,0,0,0,0,1,0,1,0,0,0,1,14,0.85,1,1,11,0,Built a authentication service processing 15+ requests per second using FastAPI
32,6,4.5,1,6.0,0.1562,0,0,0,0,0,0,0,0,0,0,0,0.0,0,0,0,0,1,0,1,0,0,0,0,1,0,0,1,0,0,1,6,0.15,0,0,6,0,Added Redis caching layer to API
53,7,6.71,1,7.0,0.0755,0,0,0,0,0,0,0,0,0,0,0,0.0,0,0,0,0,1,0,0,1,0,0,0,0,0,0,0,0,0,0,8,0.15,0,0,7,0,Wrote comprehensive integration tests for API gateway
76,11,6.0,1,11.0,0.0526,0,1,0,0,1,0,0,0,1,1,0,0.0909,0,0,0,0,1,0,1,0,0,0,0,1,0,0,0,1,0,1,13,0.85,1,1,11,0,Created a authentication service processing 5+ requests per second using AWS
43,5,7.8,1,5.0,0.093,0,1,0,0,0,0,0,0,1,1,0,0.0,0,0,0,0,1,0,0,0,1,0,0,1,1,0,0,0,0,1,6,0.55,1,0,5,0,Optimized SQL queries improving performance
82,11,5.64,2,5.5,0.0244,1,0,0,0,2,0,0,0,0,0,0,0.1818,0,0,0,0,1,0,1,0,0,0,0,0,0,0,0,0,0,0,24,0.45,0,1,11,0,Scaled  recommendation  system  from  3  to  500  concurrent  users  with  Node.js
28,5,4.8,1,5.0,0.4286,0,1,0,0,0,0,0,0,1,1,0,0.0,0,0,0,0,1,0,0,1,0,0,0,2,0,1,0,0,1,2,6,0.55,1,0,5,0,Built REST API using FastAPI
39,5,7.0,1,5.0,0.1282,0,1,0,0,0,0,0,0,1,1,0,0.0,0,0,0,0,1,0,0,0,1,0,0,0,0,0,0,0,0,0,5,0.55,1,0,5,0,Designed database schema for PostgreSQL
42,6,6.17,1,6.0,0.0952,0,1,0,0,0,0,0,0,1,1,0,0.0,0,0,0,0,1,0,1,0,0,0,0,0,0,0,0,0,0,0,6,0.55,1,0,6,0,Created logging for API gateway automation
42,6,6.17,2,3.0,0.0714,1,1,0,0,0,0,0,0,1,1,0,0.0,0,0,0,1,1,0,1,0,0,0,0,1,0,1,0,0,0,1,7,0.55,1,0,6,0,Created dashboard using React and Chart.js
49,7,6.14,1,7.0,0.3265,0,1,0,0,0,0,0,0,1,1,0,0.0,0,0,0,1,1,0,0,0,1,0,0,2,0,1,0,0,1,2,8,0.55,1,0,7,1,Implemented REST API using FastAPI and PostgreSQL
43,5,7.8,1,5.0,0.0233,0,0,0,0,0,0,0,0,0,0,1,0.0,0,0,0,0,1,0,0,0,1,0,0,0,0,0,0,0,0,0,6,0.15,0,0,5,1,Assisted in analytics dashboard development
28,5,4.8,1,5.0,0.4286,0,1,0,0,0,0,0,0,1,1,0,0.0,0,0,0,0,1,0,0,1,0,0,0,2,0,1,0,0,1,2,6,0.55,1,0,5,0,Built REST API using FastAPI
28,5,4.8,1,5.0,0.0357,0,1,0,0,1,0,0,1,1,1,0,0.2,0,0,0,0,1,1,1,0,0,0,0,0,0,0,0,0,0,0,7,0.85,1,1,5,0,Improved response time by 3x
30,4,6.75,1,4.0,0.0667,0,1,0,0,0,0,0,0,1,1,0,0.0,0,0,0,0,1,0,0,1,0,0,0,1,0,0,1,0,0,1,4,0.46,1,0,4,0,Implemented caching with Redis
42,6,6.17,2,3.0,0.0714,1,1,0,0,0,0,0,0,1,1,0,0.0,0,0,0,1,1,0,0,1,0,0,0,1,0,1,0,0,0,1,7,0.55,1,0,6,1,Created dashboard using React and Chart.js
52,7,6.57,1,7.0,0.0769,0,1,0,0,0,0,0,0,1,1,0,0.0,0,0,0,1,1,1,0,0,1,0,0,0,0,0,0,0,0,0,7,0.55,1,0,7,0,Improved API reliability through logging and retries
27,4,6.0,1,4.0,0.1481,0,1,0,0,0,0,0,0,1,1,0,0.0,0,0,0,0,1,0,1,0,0,0,0,1,0,0,0,1,0,1,5,0.46,1,0,4,0,Deployed application on AWS
27,4,6.0,1,4.0,0.1481,0,1,0,0,0,0,0,0,1,1,0,0.0,0,0,0,0,1,0,0,1,0,0,0,1,0,0,0,1,0,1,5,0.46,1,0,4,0,Deployed application on AWS
40,5,7.2,1,5.0,0.025,0,0,0,0,0,0,0,0,0,0,0,0.0,0,0,0,0,1,0,0,0,1,0,0,1,0,0,0,0,1,1,7,0.15,0,0,5,1,Participated in data pipeline activities
42,5,7.6,1,5.0,0.0238,0,1,0,0,0,0,0,0,1,1,0,0.0,0,0,0,0,1,0,0,1,0,0,0,0,0,0,0,0,0,0,6,0.55,1,0,5,1,Created dashboards for operational metrics
63,7,8.14,1,7.0,0.0,0,0,0,0,0,0,0,0,0,0,0,0.0,0,0,0,0,1,0,0,1,0,0,0,1,0,0,0,1,0,1,10,0.15,0,0,7,1,applied best-in-class docker solutions for notification service
42,5,7.6,1,5.0,0.0,0,1,0,0,0,0,0,0,1,1,0,0.0,0,0,0,0,1,0,0,0,1,0,0,0,0,0,0,0,0,0,6,0.55,1,0,5,0,created dashboards for operational metrics
39,5,7.0,1,5.0,0.1282,0,1,0,0,0,0,0,0,1,1,0,0.0,0,0,0,0,1,0,0,1,0,0,0,0,0,0,0,0,0,0,5,0.55,1,0,5,0,Designed database schema for PostgreSQL
45,6,6.67,1,6.0,0.0889,0,1,0,0,0,0,0,0,1,1,0,0.0,0,0,0,0,1,0,0,0,1,0,0,0,0,0,0,0,0,0,6,0.55,1,0,6,0,Built authentication service using JWT tokens
58,7,7.43,1,7.0,0.1034,0,0,0,0,0,0,0,0,0,0,0,0.0,0,0,0,0,1,0,1,0,0,0,0,1,1,0,0,0,0,1,9,0.15,0,0,7,1,Applied best-in-class TypeScript solutions for API gateway
39,5,7.0,1,5.0,0.1026,0,0,0,0,0,0,0,0,0,0,1,0.0,0,0,0,0,1,0,1,0,0,0,0,0,0,0,0,0,0,0,6,0.15,0,0,5,1,Responsible for API gateway maintenance
43,5,7.8,1,5.0,0.093,0,1,0,0,0,0,0,0,1,1,0,0.0,0,0,0,0,1,0,1,0,0,0,0,1,1,0,0,0,0,1,6,0.55,1,0,5,0,Optimized SQL queries improving performance
48,6,7.17,1,6.0,0.0208,0,1,0,0,0,0,0,0,1,1,0,0.0,0,0,0,0,1,0,1,0,0,0,0,0,0,0,0,0,0,0,7,0.55,1,0,6,0,Developed backend endpoints for order management
82,9,7.33,2,4.5,0.0244,1,1,0,0,0,0,0,0,1,1,0,0.0,0,0,0,1,1,0,1,0,0,0,0,0,0,0,0,0,0,0,18,0.55,1,0,9,1,Implemented  distributed  system  using  cloud  native  technologies  and  Node.js
69,9,6.78,1,9.0,0.029,0,0,0,0,1,1,0,0,0,0,0,0.1111,0,0,0,0,1,0,0,1,0,0,0,2,0,0,0,1,1,2,12,0.45,0,1,9,0,Decreased data pipeline downtime by 75% through Kubernetes monitoring
74,9,7.33,2,4.5,0.027,1,1,0,0,0,0,0,0,1,1,0,0.0,0,0,0,1,1,0,0,1,0,0,0,0,0,0,0,0,0,0,10,0.55,1,0,9,1,Implemented distributed system using cloud native technologies and Node.js
51,6,6.83,1,6.0,0.0196,0,1,0,0,0,0,0,0,1,1,0,0.0,0,0,0,0,1,0,0,0,1,0,0,0,0,0,0,0,0,0,11,0.55,1,0,6,1,Built  internal  tools  for  deployment  automation
56,8,6.12,1,8.0,0.0893,0,1,0,0,0,0,0,0,1,1,0,0.0,0,0,0,0,1,0,0,1,0,0,0,3,0,1,0,0,1,2,11,0.55,1,0,8,0,Architected data pipeline for ETL processing using Flask
28,5,4.8,1,5.0,0.4286,0,1,0,0,0,0,0,0,1,1,0,0.0,0,0,0,0,1,0,0,1,0,0,0,2,0,1,0,0,1,2,6,0.55,1,0,5,0,Built REST API using FastAPI
58,8,6.38,1,8.0,0.0,0,1,0,0,0,0,0,0,1,1,0,0.0,0,0,0,1,1,0,1,0,0,0,0,2,1,0,0,1,0,2,9,0.55,1,0,8,0,created analytics dashboard module with typescript and aws
39,5,7.0,1,5.0,0.1282,0,1,0,0,0,0,0,0,1,1,0,0.0,0,0,0,0,1,0,0,0,1,0,0,0,0,0,0,0,0,0,5,0.55,1,0,5,0,Designed database schema for PostgreSQL
39,5,7.0,1,5.0,0.1282,0,1,0,0,0,0,0,0,1,1,0,0.0,0,0,0,0,1,0,0,0,1,0,0,0,0,0,0,0,0,0,5,0.55,1,0,5,0,Designed database schema for PostgreSQL
74,11,5.82,1,11.0,0.0,0,0,0,0,0,0,0,0,1,0,0,0.0,0,0,0,0,1,0,0,1,0,0,0,1,0,0,0,1,0,1,11,0.55,1,0,11,0,set up automated ci pipeline with github actions for recommendation system
57,9,5.44,1,9.0,0.1579,1,1,0,0,2,0,0,0,1,1,0,0.2222,0,1,0,0,2,0,0,0,1,0,0,2,0,1,0,0,1,2,13,0.85,1,1,9,0,"Developed REST APIs serving 4,000 daily users using Flask"
63,10,5.4,1,10.0,0.0476,0,1,0,0,0,0,0,0,1,1,0,0.0,0,0,0,1,1,0,0,1,0,0,0,1,0,0,0,0,1,1,11,0.55,1,0,10,1,Developed AI powered system using machine learning and big data
44,8,4.62,1,8.0,0.0227,0,0,0,0,0,0,0,0,0,0,0,0.0,0,0,0,0,1,0,0,1,0,0,0,0,0,0,0,0,0,0,8,0.15,0,0,8,1,Part of the team working on order management
47,5,8.6,1,5.0,0.0213,0,0,0,0,0,0,0,0,0,0,1,0.0,0,0,0,0,1,0,0,0,1,0,0,0,0,0,0,0,0,0,6,0.15,0,0,5,1,Responsible for analytics dashboard maintenance
61,10,5.2,1,10.0,0.0164,0,0,0,0,1,0,0,0,0,0,1,0.1,0,0,0,0,1,0,0,1,0,0,0,1,0,0,0,0,1,1,13,0.45,0,1,10,1,Worked on data pipeline that processed 6+ requests per second
22,4,4.75,1,4.0,0.0455,0,1,0,0,1,1,0,0,1,1,0,0.25,0,0,0,0,1,1,1,0,0,0,0,0,0,0,0,0,0,0,7,0.76,1,1,4,0,Reduced latency by 40%
47,4,11.0,1,4.0,0.0,0,1,0,0,0,0,0,0,1,1,0,0.0,0,0,0,0,1,0,0,0,1,0,0,0,0,0,0,0,0,0,4,0.46,1,0,4,1,managed authentication service responsibilities
42,5,7.6,1,5.0,0.0238,0,0,0,0,0,0,0,0,0,0,0,0.0,0,0,0,0,1,0,0,0,1,0,0,0,0,0,0,0,0,0,6,0.15,0,0,5,1,Tasked with analytics dashboard operations
45,5,7.4,1,5.0,0.0222,0,0,0,0,0,0,0,0,0,0,0,0.0,0,0,0,0,1,0,0,1,0,0,0,0,0,0,0,0,0,0,10,0.15,0,0,5,1,Contributed  to  payment  processing  efforts
68,9,5.78,1,9.0,0.0588,0,1,0,0,1,1,0,0,1,1,0,0.1111,0,0,0,0,1,0,1,0,0,0,0,0,0,0,0,0,0,0,20,0.85,1,1,9,0,Optimized  API  gateway  queries  improving  response  time  by  73%
32,6,4.5,1,6.0,0.0,0,0,0,0,0,0,0,0,0,0,0,0.0,0,0,0,0,1,0,0,0,1,0,0,1,0,0,1,0,0,1,6,0.15,0,0,6,1,added redis caching layer to api
22,4,4.75,1,4.0,0.0455,0,1,0,0,1,1,0,0,1,1,0,0.25,0,0,0,0,1,1,0,0,1,0,0,0,0,0,0,0,0,0,7,0.76,1,1,4,0,Reduced latency by 40%
64,7,8.29,1,7.0,0.0156,0,1,0,0,0,0,0,0,1,1,0,0.0,0,0,0,0,1,0,0,1,0,0,0,0,0,0,0,0,0,0,8,0.55,1,0,7,0,Implemented role-based access control for authentication service
82,12,5.92,1,12.0,0.061,0,1,0,0,2,0,0,0,1,1,0,0.1667,0,0,0,0,1,0,0,1,0,0,0,0,0,0,0,0,0,0,14,0.85,1,1,12,0,Implemented PostgreSQL integration reducing deployment time from 4 days to 2 hours
63,10,5.4,1,10.0,0.0,0,1,0,0,0,0,0,0,1,1,0,0.0,0,0,0,1,1,0,1,0,0,0,0,1,0,0,0,0,1,1,11,0.55,1,0,10,1,developed ai powered system using machine learning and big data
27,4,6.0,1,4.0,0.1481,0,1,0,0,0,0,0,0,1,1,0,0.0,0,0,0,0,1,0,0,0,1,0,0,1,0,0,0,1,0,1,5,0.46,1,0,4,0,Deployed application on AWS
54,6,8.17,1,6.0,0.0185,0,1,0,0,0,0,0,0,1,1,0,0.0,0,0,0,0,1,0,0,1,0,0,0,0,0,0,0,0,0,0,7,0.55,1,0,6,0,Designed analytics dashboard architecture for alerting
27,5,4.6,1,5.0,0.037,0,0,0,0,1,0,0,0,0,0,0,0.2,0,0,0,0,1,0,1,0,0,0,0,0,0,0,0,0,0,0,7,0.45,0,1,5,0,Scaled service to 50k users
22,4,4.75,1,4.0,0.0455,0,1,0,0,1,1,0,0,1,1,0,0.25,0,0,0,0,1,1,1,0,0,0,0,0,0,0,0,0,0,0,7,0.76,1,1,4,0,Reduced latency by 40%
22,4,4.75,1,4.0,0.0455,0,1,0,0,1,1,0,0,1,1,0,0.25,0,0,0,0,1,1,1,0,0,0,0,0,0,0,0,0,0,0,7,0.76,1,1,4,0,Reduced latency by 40%
65,9,6.33,1,9.0,0.0308,0,1,0,0,0,0,0,0,1,1,0,0.0,0,0,0,1,1,0,0,1,0,0,0,1,0,1,0,0,0,1,9,0.55,1,0,9,1,Designed enterprise level solution using best practices and React
57,9,5.44,1,9.0,0.0,1,1,0,0,2,0,0,0,1,1,0,0.2222,0,1,0,0,2,0,0,1,0,0,0,2,0,1,0,0,1,2,13,0.85,1,1,9,0,"developed rest apis serving 9,000 daily users using react"
65,9,6.33,1,9.0,0.0154,0,1,0,0,1,1,0,0,1,1,0,0.1111,0,0,0,0,1,0,0,0,1,0,0,0,0,0,0,0,0,0,12,0.85,1,1,9,0,Optimized order management queries improving response time by 76%
42,5,7.6,1,5.0,0.0238,0,1,0,0,0,0,0,0,1,1,0,0.0,0,0,0,0,1,0,0,0,1,0,0,0,0,0,0,0,0,0,6,0.55,1,0,5,0,Created dashboards for operational metrics
27,4,6.0,1,4.0,0.1481,0,1,0,0,0,0,0,0,1,1,0,0.0,0,0,0,0,1,0,0,1,0,0,0,1,0,0,0,1,0,1,5,0.46,1,0,4,0,Deployed application on AWS
38,4,8.0,1,4.0,0.0263,0,0,0,0,0,0,0,0,0,0,0,0.0,0,0,0,0,1,0,0,0,1,0,0,0,0,0,0,0,0,0,7,0.06,0,0,4,1,Handled  notification  service  duties
67,9,6.56,1,9.0,0.0746,0,1,0,0,0,0,0,0,1,1,0,0.0,0,0,0,1,1,0,0,0,1,0,0,1,0,1,0,0,0,1,10,0.55,1,0,9,1,Designed enterprise level solution using best practices and FastAPI
71,10,6.2,1,10.0,0.0141,0,1,0,0,0,0,0,0,1,1,0,0.0,0,0,0,1,1,0,0,0,1,0,0,0,0,0,0,0,0,0,10,0.55,1,0,10,0,Implemented retry logic and circuit breaker pattern in order management
61,10,5.2,1,10.0,0.0164,0,0,0,0,1,0,0,0,0,0,1,0.1,0,0,0,0,1,0,1,0,0,0,0,1,0,0,0,0,1,1,13,0.45,0,1,10,1,Worked on data pipeline that processed 3+ requests per second
45,6,6.67,1,6.0,0.0222,0,1,0,0,0,0,0,0,1,1,0,0.0,0,0,0,0,1,0,1,0,0,0,0,0,0,0,0,0,0,0,6,0.55,1,0,6,1,Built deployment for search engine automation
56,6,8.5,1,6.0,0.0536,0,1,0,0,0,0,0,0,1,1,0,0.0,0,0,0,0,1,0,1,0,0,0,0,1,0,1,0,0,0,1,6,0.55,1,0,6,0,Implemented TensorFlow solution for notification service
45,6,6.67,1,6.0,0.0222,0,1,0,0,0,0,0,0,1,1,0,0.0,0,0,0,0,1,0,0,0,1,0,0,0,0,0,0,0,0,0,6,0.55,1,0,6,0,Designed database schema for inventory system
28,5,4.8,1,5.0,0.4286,0,1,0,0,0,0,0,0,1,1,0,0.0,0,0,0,0,1,0,1,0,0,0,0,2,0,1,0,0,1,2,6,0.55,1,0,5,0,Built REST API using FastAPI
37,4,8.5,1,4.0,0.0541,0,0,0,0,0,0,0,0,0,0,0,0.0,0,0,0,0,1,0,0,0,1,0,0,1,0,0,0,1,0,1,5,0.06,0,0,4,1,Containerized application with Docker
58,7,6.57,1,7.0,0.069,0,1,0,0,0,0,0,0,1,1,0,0.0,0,0,0,1,1,1,0,1,0,0,0,0,0,0,0,0,0,0,13,0.55,1,0,7,1,Improved  API  reliability  through  logging  and  retries
57,7,7.29,1,7.0,0.0175,0,1,0,0,0,0,0,0,1,1,0,0.0,0,0,0,0,1,0,0,1,0,0,0,0,0,0,0,0,0,0,7,0.55,1,0,7,0,Created reusable component library for frontend dashboard
42,7,5.14,1,7.0,0.0238,0,0,0,0,0,0,0,0,0,0,0,0.0,0,0,0,1,1,0,1,0,0,0,0,0,0,0,0,0,0,0,7,0.15,0,0,7,0,Set up logging and monitoring for services
67,9,5.67,2,4.5,0.1343,1,1,0,0,1,0,0,0,1,1,0,0.1111,0,0,0,0,1,0,0,0,1,0,0,0,0,0,0,0,0,0,21,0.85,1,1,9,0,Developed  REST  APIs  serving  10000  daily  users  using  Node.js
50,6,7.5,1,6.0,0.02,0,1,0,0,0,0,0,0,1,1,0,0.0,0,0,0,0,1,0,1,0,0,0,0,1,0,0,0,0,1,1,8,0.55,1,0,6,1,Architected data pipeline architecture for logging
60,8,6.62,1,8.0,0.0333,0,1,0,0,0,0,0,0,1,1,0,0.0,0,0,0,0,1,0,0,0,1,0,0,1,0,0,1,0,0,1,8,0.55,1,0,8,0,Designed caching strategy for inventory tracking using Redis
28,5,4.8,1,5.0,0.0357,0,1,0,0,1,0,0,1,1,1,0,0.2,0,0,0,0,1,1,1,0,0,0,0,0,0,0,0,0,0,0,7,0.85,1,1,5,0,Improved response time by 3x
48,7,6.0,1,7.0,0.3333,0,1,0,0,0,0,0,0,1,1,0,0.0,0,0,0,1,1,0,0,0,1,0,0,2,0,1,0,0,1,2,8,0.55,1,0,7,1,Implemented REST API with FastAPI and PostgreSQL
49,8,5.25,1,8.0,0.0204,0,0,0,0,0,0,0,0,0,0,0,0.0,0,0,0,0,1,0,1,0,0,0,0,0,0,0,0,0,0,0,8,0.15,0,0,8,1,Part of the team working on recommendation system
65,9,6.33,1,9.0,0.0154,0,0,0,0,1,1,0,0,0,0,1,0.1111,0,0,0,0,1,0,1,0,0,0,0,0,0,0,0,0,0,0,12,0.45,0,1,9,1,Involved in monitoring notification service with 20% uptime goals
30,4,6.75,1,4.0,0.0667,0,1,0,0,0,0,0,0,1,1,0,0.0,0,0,0,0,1,0,1,0,0,0,0,1,0,0,1,0,0,1,4,0.46,1,0,4,0,Implemented caching with Redis
36,4,8.25,1,4.0,0.1111,0,1,0,0,0,0,0,0,1,1,0,0.0,0,0,0,0,1,0,0,1,0,0,0,0,0,0,0,0,0,0,4,0.46,1,0,4,1,Managed API gateway responsibilities
67,8,7.5,1,8.0,0.0,0,0,0,0,0,0,0,0,0,0,0,0.0,0,0,0,0,1,0,0,1,0,0,0,1,0,0,0,0,1,1,9,0.15,0,0,8,1,leveraged agile methodologies to deliver order management solutions
65,8,7.25,1,8.0,0.0462,0,0,0,0,0,0,0,0,0,0,0,0.0,0,0,0,1,1,0,1,0,0,0,0,2,0,1,0,1,0,2,9,0.15,0,0,8,1,Utilized cutting edge technologies including React and Kubernetes
58,7,7.43,1,7.0,0.0172,0,1,0,0,0,0,0,0,1,1,0,0.0,0,0,0,0,1,0,0,1,0,0,0,0,0,0,0,0,0,0,7,0.55,1,0,7,0,Designed normalized database schema for inventory tracking
27,4,6.0,1,4.0,0.1481,0,1,0,0,0,0,0,0,1,1,0,0.0,0,0,0,0,1,0,1,0,0,0,0,1,0,0,0,1,0,1,5,0.46,1,0,4,0,Deployed application on AWS
27,4,6.0,1,4.0,0.1481,0,1,0,0,0,0,0,0,1,1,0,0.0,0,0,0,0,1,0,0,0,1,0,0,1,0,0,0,1,0,1,5,0.46,1,0,4,0,Deployed application on AWS
27,5,4.6,1,5.0,0.037,0,0,0,0,1,0,0,0,0,0,0,0.2,0,0,0,0,1,0,0,0,1,0,0,0,0,0,0,0,0,0,7,0.45,0,1,5,0,Scaled service to 50k users
42,6,6.17,2,3.0,0.0,1,1,0,0,0,0,0,0,1,1,0,0.0,0,0,0,1,1,0,1,0,0,0,0,1,0,1,0,0,0,1,7,0.55,1,0,6,1,created dashboard using react and chart.js
42,5,7.6,1,5.0,0.0238,0,0,0,0,0,0,0,0,0,0,1,0.0,0,0,0,0,1,0,0,0,1,0,0,0,0,0,0,0,0,0,6,0.15,0,0,5,1,Assisted in payment processing development
49,7,6.14,1,7.0,0.102,0,0,0,0,0,0,0,0,0,0,0,0.0,0,0,0,0,1,0,1,0,0,0,0,1,0,1,0,0,0,1,8,0.15,0,0,7,0,Updated inventory tracking backend to use FastAPI
39,5,7.0,1,5.0,0.1282,0,1,0,0,0,0,0,0,1,1,0,0.0,0,0,0,0,1,0,1,0,0,0,0,0,0,0,0,0,0,0,5,0.55,1,0,5,0,Designed database schema for PostgreSQL
57,7,7.29,1,7.0,0.0175,0,1,0,0,0,0,0,0,1,1,0,0.0,0,0,0,0,1,0,0,0,1,0,0,0,0,0,0,0,0,0,7,0.55,1,0,7,0,Created reusable component library for frontend dashboard
46,7,5.71,1,7.0,0.1304,0,0,0,0,0,0,0,0,0,0,0,0.0,0,0,0,0,1,0,0,0,1,0,0,2,0,1,0,0,0,1,9,0.15,0,0,7,0,Migrated backend service from Flask to FastAPI
39,5,7.0,1,5.0,0.0256,0,0,0,0,0,0,0,0,0,0,0,0.0,0,0,0,0,1,0,0,0,1,0,0,0,0,0,0,0,0,0,6,0.15,0,0,5,1,Tasked with order management operations
34,5,6.0,1,5.0,0.1471,0,1,0,0,0,0,0,0,1,1,0,0.0,0,0,0,0,1,0,0,1,0,0,0,1,0,1,0,0,0,1,5,0.55,1,0,5,0,Integrated Django with API gateway
61,9,5.89,1,9.0,0.0164,0,0,0,0,1,1,0,0,0,0,1,0.1111,0,0,0,0,1,0,0,0,1,0,0,0,0,0,0,0,0,0,12,0.45,0,1,9,1,Involved in monitoring order management with 15% uptime goals
63,9,6.11,1,9.0,0.0159,0,0,0,0,1,0,0,0,0,0,0,0.1111,0,0,0,0,1,0,1,0,0,0,0,0,0,0,0,0,0,0,10,0.45,0,1,9,1,Supported migration of inventory tracking completed in 18 weeks
67,8,7.5,1,8.0,0.0299,0,1,0,0,0,0,0,0,1,1,0,0.0,0,0,0,0,1,0,0,0,1,0,0,1,0,0,0,0,1,1,9,0.55,1,0,8,0,Implemented event-driven architecture using Kafka for data pipeline
77,9,7.67,1,9.0,0.0,0,1,0,0,0,0,0,0,1,1,0,0.0,0,0,0,1,1,0,0,1,0,0,0,1,0,1,0,0,0,1,9,0.55,1,0,9,1,implemented distributed system using cloud native technologies and tensorflow
30,4,6.75,1,4.0,0.0667,0,1,0,0,0,0,0,0,1,1,0,0.0,0,0,0,0,1,0,0,1,0,0,0,1,0,0,1,0,0,1,4,0.46,1,0,4,0,Implemented caching with Redis
63,9,6.11,1,9.0,0.0159,0,0,0,0,1,1,0,0,0,0,1,0.1111,0,0,0,0,1,0,0,0,1,0,0,0,0,0,0,0,0,0,12,0.45,0,1,9,1,Involved in monitoring inventory tracking with 19% uptime goals
53,7,6.71,1,7.0,0.0,0,0,0,0,0,0,0,0,0,0,0,0.0,0,0,0,0,1,0,1,0,0,0,0,0,0,0,0,0,0,0,8,0.15,0,0,7,0,wrote comprehensive integration tests for api gateway
42,6,6.17,2,3.0,0.0714,1,1,0,0,0,0,0,0,1,1,0,0.0,0,0,0,1,1,0,0,0,1,0,0,1,0,1,0,0,0,1,7,0.55,1,0,6,1,Created dashboard using React and Chart.js
70,8,7.0,1,8.0,0.0571,0,1,0,0,0,0,0,0,1,1,0,0.0,0,0,0,1,1,0,0,1,0,0,0,2,1,0,0,1,0,2,15,0.55,1,0,8,0,Created  notification  service  module  using  TypeScript  and  Docker
30,4,6.75,1,4.0,0.0667,0,1,0,0,0,0,0,0,1,1,0,0.0,0,0,0,0,1,0,0,1,0,0,0,1,0,0,1,0,0,1,4,0.46,1,0,4,0,Implemented caching with Redis
28,5,4.8,1,5.0,0.1071,0,0,0,0,0,0,0,0,0,0,0,0.0,0,0,0,0,1,0,0,0,1,0,0,0,0,0,0,0,0,0,7,0.15,0,0,5,0,Wrote unit tests with PyTest
45,6,6.67,1,6.0,0.0222,0,1,0,0,0,0,0,0,1,1,0,0.0,0,0,0,0,1,0,0,1,0,0,0,0,0,0,0,0,0,0,6,0.55,1,0,6,0,Designed database schema for inventory system
64,7,7.43,1,7.0,0.0469,0,0,0,0,0,0,0,0,0,0,0,0.0,0,0,0,0,1,0,1,0,0,0,0,1,0,0,0,1,0,1,15,0.15,0,0,7,0,Containerized  entire  application  stack  with  Docker  Compose
65,9,6.33,1,9.0,0.0,0,1,0,0,1,1,0,0,1,1,0,0.1111,0,0,0,0,1,1,1,0,0,0,0,1,0,1,0,0,0,1,12,0.85,1,1,9,0,reduced api gateway downtime by 44% through tensorflow monitoring
28,5,4.8,1,5.0,0.0357,0,1,0,0,1,0,0,1,1,1,0,0.2,0,0,0,0,1,1,0,1,0,0,0,0,0,0,0,0,0,0,7,0.85,1,1,5,0,Improved response time by 3x
28,5,4.8,1,5.0,0.4286,0,1,0,0,0,0,0,0,1,1,0,0.0,0,0,0,0,1,0,0,1,0,0,0,2,0,1,0,0,1,2,6,0.55,1,0,5,0,Built REST API using FastAPI
54,6,8.17,1,6.0,0.0185,0,0,0,0,0,0,0,0,0,0,0,0.0,0,0,0,0,1,0,0,1,0,0,0,1,0,0,0,0,1,1,7,0.15,0,0,6,0,Introduced structured logging across all microservices
37,4,8.5,1,4.0,0.0541,0,0,0,0,0,0,0,0,0,0,0,0.0,0,0,0,0,1,0,0,1,0,0,0,1,0,0,0,1,0,1,5,0.06,0,0,4,1,Containerized application with Docker
46,8,4.88,1,8.0,0.0217,0,0,0,0,0,0,0,0,0,0,0,0.0,0,0,0,0,1,0,0,1,0,0,0,0,0,0,0,0,0,0,8,0.15,0,0,8,1,Part of the team working on payment processing
34,4,7.75,1,4.0,0.0588,0,1,0,0,0,0,0,0,1,1,0,0.0,0,0,0,0,1,0,0,0,1,0,0,1,0,0,0,1,0,1,5,0.46,1,0,4,0,Automated deployments using Docker
76,11,6.0,1,11.0,0.0395,0,1,0,0,1,0,0,0,1,1,0,0.0909,0,0,0,0,1,0,0,0,1,0,0,1,0,1,0,0,0,1,14,0.85,1,1,11,0,Developed a search engine processing 14+ requests per second with TensorFlow
61,9,5.89,1,9.0,0.0984,0,1,0,0,0,0,0,0,1,1,0,0.0,0,0,0,1,1,0,0,1,0,0,0,2,0,1,0,0,0,1,12,0.55,1,0,9,0,Developed a full-stack web application with React and FastAPI
59,5,11.0,1,5.0,0.0169,0,0,0,0,0,0,0,0,0,0,0,0.0,0,0,0,0,1,0,1,0,0,0,0,0,0,0,0,0,0,0,8,0.15,0,0,5,0,Refactored authentication service improving maintainability
59,5,11.0,1,5.0,0.0169,0,0,0,0,0,0,0,0,0,0,0,0.0,0,0,0,0,1,0,0,1,0,0,0,0,0,0,0,0,0,0,8,0.15,0,0,5,0,Refactored authentication service improving maintainability
27,4,6.0,1,4.0,0.1481,0,1,0,0,0,0,0,0,1,1,0,0.0,0,0,0,0,1,0,1,0,0,0,0,1,0,0,0,1,0,1,5,0.46,1,0,4,0,Deployed application on AWS
48,6,7.17,1,6.0,0.0,0,1,0,0,0,0,0,0,1,1,0,0.0,0,0,0,0,1,0,0,1,0,0,0,0,0,0,0,0,0,0,7,0.55,1,0,6,0,developed backend endpoints for order management
80,11,5.45,1,11.0,0.0,0,0,0,0,2,0,0,0,0,0,0,0.1818,0,0,0,0,1,0,1,0,0,0,0,1,0,1,0,0,0,1,24,0.45,0,1,11,0,scaled  analytics  dashboard  from  9  to  300  concurrent  users  with  fastapi
43,5,7.8,1,5.0,0.0233,0,0,0,0,0,0,0,0,0,0,0,0.0,0,0,0,0,1,0,0,0,1,0,0,0,0,0,0,0,0,0,7,0.15,0,0,5,1,Participated in order management activities
49,6,6.5,1,6.0,0.0816,0,1,0,0,0,0,0,0,1,1,0,0.0,0,0,0,0,1,0,1,0,0,0,0,0,0,0,0,0,0,0,11,0.55,1,0,6,1,Built  authentication  service  with  JWT  tokens
45,5,8.2,1,5.0,0.0,0,0,0,0,0,0,0,0,0,0,1,0.0,0,0,0,0,1,0,0,1,0,0,0,0,0,0,0,0,0,0,6,0.15,0,0,5,1,assisted in recommendation system development
42,7,5.14,1,7.0,0.0238,0,0,0,0,0,0,0,0,0,0,0,0.0,0,0,0,1,1,0,1,0,0,0,0,0,0,0,0,0,0,0,7,0.15,0,0,7,1,Set up logging and monitoring for services
62,8,6.88,1,8.0,0.0,0,1,0,0,0,0,0,0,1,1,0,0.0,0,0,0,0,1,0,0,1,0,0,0,1,0,0,1,0,0,1,8,0.55,1,0,8,0,implemented caching layer using redis for notification service
56,7,7.14,1,7.0,0.0179,0,1,0,0,0,0,0,0,1,1,0,0.0,0,0,0,0,1,0,0,0,1,0,0,0,0,0,0,0,0,0,7,0.55,1,0,7,0,Designed normalized database schema for order management
47,5,8.6,1,5.0,0.0213,0,0,0,0,0,0,0,0,0,0,0,0.0,0,0,0,0,1,0,0,1,0,0,0,0,0,0,0,0,0,0,7,0.15,0,0,5,1,Participated in notification service activities
56,7,7.14,1,7.0,0.0,0,0,0,0,0,0,0,0,0,0,0,0.0,0,0,0,0,1,0,0,0,1,0,0,1,1,0,0,0,0,1,8,0.15,0,0,7,0,updated authentication service backend to use typescript
32,6,4.5,1,6.0,0.0,0,0,0,0,0,0,0,0,0,0,0,0.0,0,0,0,0,1,0,0,0,1,0,0,1,0,0,1,0,0,1,6,0.15,0,0,6,0,added redis caching layer to api
74,8,8.38,1,8.0,0.0135,0,0,0,0,0,0,0,0,0,0,0,0.0,0,0,0,0,1,0,0,0,1,0,0,0,0,0,0,0,0,0,9,0.15,0,0,8,1,Employed industry standard frameworks for notification service development
39,5,7.0,1,5.0,0.1282,0,1,0,0,0,0,0,0,1,1,0,0.0,0,0,0,0,1,0,0,0,1,0,0,0,0,0,0,0,0,0,5,0.55,1,0,5,0,Designed database schema for PostgreSQL
55,7,7.0,1,7.0,0.0182,0,1,0,0,0,0,0,0,1,1,0,0.0,0,0,0,0,1,0,0,1,0,0,0,1,0,0,0,0,1,1,8,0.55,1,0,7,0,Implemented role-based access control for data pipeline
48,7,5.14,1,7.0,0.0208,0,0,0,0,0,0,0,0,0,0,0,0.0,0,0,0,1,1,0,0,1,0,0,0,0,0,0,0,0,0,0,13,0.15,0,0,7,1,Set  up  logging  and  monitoring  for  services
45,6,6.67,1,6.0,0.0222,0,1,0,0,0,0,0,0,1,1,0,0.0,0,0,0,0,1,0,1,0,0,0,0,0,0,0,0,0,0,0,6,0.55,1,0,6,0,Designed database schema for inventory system
64,7,8.29,2,3.5,0.0312,1,0,0,0,0,0,0,0,0,0,0,0.0,0,0,0,0,1,0,0,0,1,0,0,0,0,0,0,0,0,0,10,0.15,0,0,7,1,Applied best-in-class Node.js solutions for notification service
34,4,7.75,1,4.0,0.0588,0,1,0,0,0,0,0,0,1,1,0,0.0,0,0,0,0,1,0,0,1,0,0,0,1,0,0,0,1,0,1,5,0.46,1,0,4,0,Automated deployments using Docker
63,8,7.0,1,8.0,0.0476,0,1,0,0,0,0,0,0,1,1,0,0.0,0,0,0,0,1,0,0,1,0,0,0,0,0,0,0,0,0,0,9,0.55,1,0,8,1,Created highly scalable platform leveraging modern DevOps tools
29,5,5.0,1,5.0,0.0,0,0,0,0,0,0,0,0,0,0,0,0.0,0,0,0,0,1,0,0,0,1,0,0,0,0,0,0,0,0,0,6,0.15,0,0,5,0,wrote unit tests using pytest
50,8,5.38,1,8.0,0.02,0,0,0,0,0,0,0,0,0,0,0,0.0,0,0,0,0,1,0,1,0,0,0,0,0,0,0,0,0,0,0,8,0.15,0,0,8,1,Part of the team working on authentication service
76,10,6.7,1,10.0,0.0263,1,0,0,0,1,1,0,0,0,0,0,0.1,0,1,0,0,2,0,1,0,0,0,0,1,0,0,0,1,0,1,14,0.45,0,1,10,0,"Migrated analytics dashboard to Docker, reducing infrastructure costs by 36%"
60,7,7.71,1,7.0,0.05,0,0,0,0,0,0,0,0,0,0,0,0.0,0,0,0,0,1,0,0,1,0,0,0,1,1,0,0,0,0,1,9,0.15,0,0,7,1,Applied best-in-class TypeScript solutions for search engine
56,9,5.33,1,9.0,0.0714,0,0,0,0,1,1,0,0,0,0,1,0.1111,0,0,0,0,1,0,1,0,0,0,0,0,0,0,0,0,0,0,12,0.45,0,1,9,1,Involved in monitoring API gateway with 16% uptime goals
28,5,4.8,1,5.0,0.4286,0,1,0,0,0,0,0,0,1,1,0,0.0,0,0,0,0,1,0,0,1,0,0,0,2,0,1,0,0,1,2,6,0.55,1,0,5,0,Built REST API using FastAPI
66,9,6.44,1,9.0,0.0,0,0,0,0,1,1,0,0,0,0,0,0.1111,0,0,0,0,1,0,0,0,1,0,0,0,0,0,0,0,0,0,13,0.45,0,1,9,0,achieved 51% test coverage for payment processing using postgresql
30,4,6.75,1,4.0,0.0667,0,1,0,0,0,0,0,0,1,1,0,0.0,0,0,0,0,1,0,0,1,0,0,0,1,0,0,1,0,0,1,4,0.46,1,0,4,0,Implemented caching with Redis
69,7,9.0,1,7.0,0.0435,0,0,0,0,0,0,0,0,0,0,0,0.0,0,0,0,0,1,0,1,0,0,0,0,1,0,1,0,0,0,1,9,0.15,0,0,7,1,Applied best-in-class TensorFlow solutions for authentication service
40,5,6.4,1,5.0,0.025,0,0,0,0,0,0,0,0,0,0,0,0.0,0,0,0,0,1,0,0,1,0,0,0,0,0,0,0,0,0,0,10,0.15,0,0,5,1,Tasked  with  search  engine  operations
65,8,6.38,1,8.0,0.0154,1,0,0,0,2,0,0,0,0,0,0,0.25,0,1,0,0,2,0,0,1,0,0,0,0,0,0,0,0,0,0,19,0.45,0,1,8,1,"Helped  maintain  authentication  service  used  by  6,000  users"
46,5,8.4,1,5.0,0.0217,0,0,0,0,0,0,0,0,0,0,1,0.0,0,0,0,0,1,0,0,1,0,0,0,0,0,0,0,0,0,0,6,0.15,0,0,5,1,Assisted in authentication service development
49,5,9.0,1,5.0,0.0204,0,0,0,0,0,0,0,0,0,0,0,0.0,0,0,0,0,1,0,0,0,1,0,0,1,0,0,0,0,1,1,7,0.15,0,0,5,0,Contributed to microservices migration initiative
45,6,6.67,1,6.0,0.0222,0,1,0,0,0,0,0,0,1,1,0,0.0,0,0,0,0,1,0,1,0,0,0,0,0,0,0,0,0,0,0,6,0.55,1,0,6,0,Designed database schema for inventory system
56,6,8.5,1,6.0,0.0536,0,1,0,0,0,0,0,0,1,1,0,0.0,0,0,0,0,1,0,1,0,0,0,0,0,0,0,0,0,0,0,10,0.55,1,0,6,0,Developed real-time notification service with WebSockets
34,5,6.0,1,5.0,0.1176,0,0,0,0,0,0,0,0,0,0,0,0.0,0,0,0,0,1,0,0,1,0,0,0,0,0,0,0,0,0,0,6,0.15,0,0,5,1,Contributed to API gateway efforts
27,4,6.0,1,4.0,0.1481,0,1,0,0,0,0,0,0,1,1,0,0.0,0,0,0,0,1,0,0,0,1,0,0,1,0,0,0,1,0,1,5,0.46,1,0,4,0,Deployed application on AWS
41,5,7.4,1,5.0,0.0488,0,1,0,0,0,0,0,0,1,1,0,0.0,0,0,0,0,1,0,0,0,1,0,0,1,0,1,0,0,0,1,5,0.55,1,0,5,1,Integrated React with analytics dashboard
39,5,7.0,1,5.0,0.1282,0,1,0,0,0,0,0,0,1,1,0,0.0,0,0,0,0,1,0,0,1,0,0,0,0,0,0,0,0,0,0,5,0.55,1,0,5,0,Designed database schema for PostgreSQL
38,5,6.8,1,5.0,0.1053,0,0,0,0,0,0,0,0,0,0,0,0.0,0,0,0,0,1,0,1,0,0,0,0,0,0,0,0,0,0,0,7,0.15,0,0,5,1,Participated in API gateway activities
61,8,6.75,1,8.0,0.0492,0,1,0,0,0,0,0,0,1,1,0,0.0,0,0,0,0,1,0,1,0,0,0,0,0,0,0,0,0,0,0,9,0.55,1,0,8,1,Built highly scalable platform leveraging modern DevOps tools
22,4,4.75,1,4.0,0.0455,0,1,0,0,1,1,0,0,1,1,0,0.25,0,0,0,0,1,1,0,0,1,0,0,0,0,0,0,0,0,0,7,0.76,1,1,4,0,Reduced latency by 40%
43,5,7.8,1,5.0,0.093,0,1,0,0,0,0,0,0,1,1,0,0.0,0,0,0,0,1,0,0,0,1,0,0,1,1,0,0,0,0,1,6,0.55,1,0,5,0,Optimized SQL queries improving performance
71,8,8.0,1,8.0,0.0282,0,1,0,0,0,0,0,0,1,1,0,0.0,0,0,0,0,1,0,0,0,1,0,0,0,0,0,0,0,0,0,9,0.55,1,0,8,0,Implemented event-driven architecture with Kafka for payment processing
59,5,11.0,1,5.0,0.0169,0,0,0,0,0,0,0,0,0,0,0,0.0,0,0,0,0,1,0,0,1,0,0,0,0,0,0,0,0,0,0,8,0.15,0,0,5,0,Refactored authentication service improving maintainability
36,5,6.4,1,5.0,0.0556,0,1,0,0,0,0,0,0,1,1,0,0.0,0,0,0,0,1,0,0,1,0,0,0,1,1,0,0,0,0,1,6,0.55,1,0,5,1,Developed search engine using Python
50,8,5.38,1,8.0,0.0,1,0,0,0,2,0,0,0,0,0,0,0.25,0,1,0,0,2,0,0,0,1,0,0,0,0,0,0,0,0,0,12,0.45,0,1,8,1,"helped maintain search engine used by 17,000 users"
37,4,8.5,1,4.0,0.0541,0,0,0,0,0,0,0,0,0,0,0,0.0,0,0,0,0,1,0,0,0,1,0,0,1,0,0,0,1,0,1,5,0.06,0,0,4,0,Containerized application with Docker
71,10,6.2,1,10.0,0.0704,0,1,0,0,1,1,0,0,1,1,0,0.1,0,0,0,0,1,0,0,1,0,0,0,1,0,1,0,0,0,1,14,0.85,1,1,10,0,Automated inventory tracking using FastAPI cutting manual effort by 32%
74,9,7.33,2,4.5,0.027,1,1,0,0,0,0,0,0,1,1,0,0.0,0,0,0,1,1,0,1,0,0,0,0,0,0,0,0,0,0,0,10,0.55,1,0,9,1,Implemented distributed system using cloud native technologies and Node.js
45,6,6.67,1,6.0,0.0,0,0,0,0,0,0,0,0,0,0,1,0.0,0,0,0,0,1,0,0,0,1,0,0,0,0,0,0,0,0,0,6,0.15,0,0,6,1,worked on various inventory tracking projects
58,7,7.43,1,7.0,0.0172,0,0,0,0,0,0,0,0,0,0,0,0.0,0,0,0,0,1,0,1,0,0,0,0,0,0,0,0,0,0,0,8,0.15,0,0,7,0,Planned normalized database schema for analytics dashboard
66,9,5.56,1,9.0,0.0,1,1,0,0,2,0,0,0,1,1,0,0.2222,0,1,0,0,2,0,1,0,0,0,0,1,0,0,0,1,0,1,21,0.85,1,1,9,0,"developed  rest  apis  serving  5,000  daily  users  using  docker"
77,9,7.67,1,9.0,0.039,0,1,0,0,0,0,0,0,1,1,0,0.0,0,0,0,1,1,0,0,1,0,0,0,1,1,0,0,0,0,1,9,0.55,1,0,9,1,Implemented distributed system using cloud native technologies and TypeScript
58,8,6.38,1,8.0,0.0172,1,0,0,0,2,0,0,0,0,0,0,0.25,0,1,0,0,2,0,0,1,0,0,0,0,0,0,0,0,0,0,12,0.45,0,1,8,1,"Helped maintain recommendation system used by 20,000 users"
53,6,8.0,1,6.0,0.0,0,1,0,0,0,0,0,0,1,1,0,0.0,0,0,0,0,1,0,0,0,1,0,0,0,0,0,0,0,0,0,6,0.55,1,0,6,1,built monitoring for recommendation system automation
61,9,5.89,1,9.0,0.0164,0,0,0,0,1,1,0,0,0,0,1,0.1111,0,0,0,0,1,0,0,1,0,0,0,0,0,0,0,0,0,0,12,0.45,0,1,9,1,Assisted in reducing incidents by 65% without owning delivery
74,11,5.82,1,11.0,0.0,0,0,0,0,2,0,0,0,0,0,0,0.1818,0,0,0,0,1,0,1,0,0,0,0,1,0,1,0,0,0,1,14,0.45,0,1,11,0,scaled authentication service from 13 to 400 concurrent users with fastapi
60,9,5.78,1,9.0,0.0167,0,0,0,0,1,0,0,0,0,0,0,0.1111,0,0,0,0,1,0,0,0,1,0,0,0,0,0,0,0,0,0,10,0.45,0,1,9,1,Supported migration of order management completed in 9 weeks
44,5,8.0,1,5.0,0.0227,0,0,0,0,0,0,0,0,0,0,1,0.0,0,0,0,0,1,0,1,0,0,0,0,0,0,0,0,0,0,0,6,0.15,0,0,5,1,Assisted in notification service development
42,6,6.17,2,3.0,0.0714,1,1,0,0,0,0,0,0,1,1,0,0.0,0,0,0,1,1,0,0,0,1,0,0,1,0,1,0,0,0,1,7,0.55,1,0,6,1,Created dashboard using React and Chart.js
30,4,6.75,1,4.0,0.0667,0,1,0,0,0,0,0,0,1,1,0,0.0,0,0,0,0,1,0,1,0,0,0,0,1,0,0,1,0,0,1,4,0.46,1,0,4,0,Implemented caching with Redis
45,5,8.2,1,5.0,0.0222,0,0,0,0,0,0,0,0,0,0,0,0.0,0,0,0,0,1,0,1,0,0,0,0,0,0,0,0,0,0,0,6,0.15,0,0,5,1,Contributed to authentication service efforts
58,7,7.43,1,7.0,0.0,0,1,0,0,0,0,0,0,1,1,0,0.0,0,0,0,1,1,0,1,0,0,0,0,0,0,0,0,0,0,0,9,0.55,1,0,7,1,integrated third-party apis for payments and notifications
43,5,7.8,1,5.0,0.093,0,1,0,0,0,0,0,0,1,1,0,0.0,0,0,0,0,1,0,1,0,0,0,0,1,1,0,0,0,0,1,6,0.55,1,0,5,0,Optimized SQL queries improving performance
50,7,6.29,1,7.0,0.02,0,0,0,0,0,0,0,0,0,0,0,0.0,0,0,0,0,1,0,0,1,0,0,0,0,0,0,0,0,0,0,7,0.15,0,0,7,1,Supported the team with recommendation system work
56,9,5.33,1,9.0,0.0,0,0,0,0,1,1,0,0,0,0,1,0.1111,0,0,0,0,1,0,0,0,1,0,0,0,0,0,0,0,0,0,12,0.45,0,1,9,1,involved in monitoring api gateway with 14% uptime goals
27,4,6.0,1,4.0,0.1481,0,1,0,0,0,0,0,0,1,1,0,0.0,0,0,0,0,1,0,0,1,0,0,0,1,0,0,0,1,0,1,5,0.46,1,0,4,0,Deployed application on AWS
61,8,6.75,1,8.0,0.0,0,1,0,0,0,0,0,0,1,1,0,0.0,0,0,0,0,1,0,0,0,1,0,0,0,0,0,0,0,0,0,9,0.55,1,0,8,1,built highly scalable platform leveraging modern devops tools
46,4,10.75,1,4.0,0.0217,0,1,0,0,0,0,0,0,1,1,0,0.0,0,0,0,0,1,0,1,0,0,0,0,0,0,0,0,0,0,0,4,0.46,1,0,4,1,Managed recommendation system responsibilities
61,9,5.89,1,9.0,0.0164,0,0,0,0,1,1,0,0,0,0,1,0.1111,0,0,0,0,1,0,0,0,1,0,0,0,0,0,0,0,0,0,12,0.45,0,1,9,1,Assisted in reducing incidents by 16% without owning delivery
53,6,8.0,1,6.0,0.0,0,1,0,0,0,0,0,0,1,1,0,0.0,0,0,0,0,1,0,0,1,0,0,0,0,0,0,0,0,0,0,7,0.55,1,0,6,1,designed notification service architecture for backup
45,5,8.2,1,5.0,0.0222,0,0,0,0,0,0,0,0,0,0,0,0.0,0,0,0,0,1,0,0,0,1,0,0,0,0,0,0,0,0,0,7,0.15,0,0,5,1,Participated in inventory tracking activities
44,5,8.0,1,5.0,0.0227,0,0,0,0,0,0,0,0,0,0,1,0.0,0,0,0,0,1,0,0,1,0,0,0,0,0,0,0,0,0,0,6,0.15,0,0,5,1,Assisted in notification service development
61,9,5.89,1,9.0,0.0164,0,0,0,0,1,1,0,0,0,0,1,0.1111,0,0,0,0,1,0,0,0,1,0,0,0,0,0,0,0,0,0,12,0.45,0,1,9,1,Assisted in reducing incidents by 68% without owning delivery
69,9,5.89,1,9.0,0.0145,0,0,0,0,1,1,0,0,0,0,0,0.1111,0,0,0,0,1,0,1,0,0,0,0,0,0,0,0,0,0,0,20,0.45,0,1,9,1,Assisted  in  reducing  incidents  by  53%  without  owning  delivery
22,4,4.75,1,4.0,0.0455,0,1,0,0,1,1,0,0,1,1,0,0.25,0,0,0,0,1,1,0,0,1,0,0,0,0,0,0,0,0,0,7,0.76,1,1,4,0,Reduced latency by 40%
52,6,7.83,1,6.0,0.0,0,1,0,0,0,0,0,0,1,1,0,0.0,0,0,0,0,1,0,0,1,0,0,0,1,0,0,1,0,0,1,6,0.55,1,0,6,0,implemented redis solution for recommendation system
33,4,7.5,1,4.0,0.0606,0,1,0,0,0,0,0,0,1,1,0,0.0,0,0,0,0,1,0,0,1,0,0,0,0,0,0,0,0,0,0,4,0.46,1,0,4,1,Integrated Stripe payment gateway
62,9,6.0,1,9.0,0.0323,0,0,0,0,1,1,0,0,0,0,0,0.1111,0,0,0,0,1,0,0,1,0,0,0,1,0,1,0,0,0,1,12,0.45,0,1,9,0,Lowered search engine downtime by 71% through React monitoring
58,8,6.38,1,8.0,0.0172,0,0,0,0,1,0,0,0,0,0,1,0.125,0,0,0,0,1,0,0,1,0,0,0,0,0,0,0,0,0,0,10,0.45,0,1,8,1,Responsible for analytics dashboard handling for 11 months
60,8,6.62,1,8.0,0.0167,0,0,0,0,0,0,0,0,0,0,0,0.0,0,0,0,1,1,0,1,0,0,0,0,0,0,0,0,0,0,0,9,0.15,0,0,8,0,Enhanced database performance with indexing and query tuning
49,8,5.25,1,8.0,0.0204,1,0,0,0,2,0,0,0,0,0,0,0.25,0,1,0,0,2,0,1,0,0,0,0,0,0,0,0,0,0,0,12,0.45,0,1,8,1,"Helped maintain search engine used by 9,000 users"
43,5,7.8,1,5.0,0.0233,0,0,0,0,0,0,0,0,0,0,0,0.0,0,0,0,0,1,0,0,0,1,0,0,0,0,0,0,0,0,0,6,0.15,0,0,5,1,Contributed to notification service efforts
45,6,6.67,1,6.0,0.0,0,1,0,0,0,0,0,0,1,1,0,0.0,0,0,0,0,1,0,0,1,0,0,0,0,0,0,0,0,0,0,7,0.55,1,0,6,1,designed database schema for inventory system
66,9,6.44,1,9.0,0.0758,0,0,0,0,0,0,0,0,0,0,1,0.0,0,0,0,1,1,0,0,0,1,0,0,3,0,0,0,1,1,2,11,0.15,0,0,9,1,Worked on scalable microservices architecture using AWS and Docker
57,9,5.44,1,9.0,0.0175,0,0,0,0,1,0,0,0,0,0,0,0.1111,0,0,0,0,1,0,0,0,1,0,0,0,0,0,0,0,0,0,10,0.45,0,1,9,1,Supported migration of search engine completed in 6 weeks
28,5,4.8,1,5.0,0.4286,0,1,0,0,0,0,0,0,1,1,0,0.0,0,0,0,0,1,0,1,0,0,0,0,2,0,1,0,0,1,2,6,0.55,1,0,5,0,Built REST API using FastAPI
32,5,5.6,1,5.0,0.0625,0,0,0,0,0,0,0,0,0,0,1,0.0,0,0,0,0,1,0,1,0,0,0,0,1,0,0,0,1,0,1,6,0.15,0,0,5,1,Helped with Docker related tasks
61,8,6.75,1,8.0,0.0492,0,1,0,0,0,0,0,0,1,1,0,0.0,0,0,0,0,1,0,0,1,0,0,0,0,0,0,0,0,0,0,9,0.55,1,0,8,1,Built highly scalable platform leveraging modern DevOps tools
83,10,6.5,1,10.0,0.0241,1,1,0,0,1,1,0,0,1,1,0,0.1,0,1,0,0,2,0,0,1,0,0,0,1,0,1,0,0,0,1,23,0.85,1,1,10,0,"Automated  authentication  service  using  React,  cutting  manual  effort  by  68%"
39,6,5.67,1,6.0,0.0256,0,0,0,0,1,1,0,0,0,0,0,0.1667,0,0,0,0,1,0,0,0,1,0,0,0,0,0,0,0,0,0,9,0.45,0,1,6,0,Wrote unit tests achieving 90% coverage
39,5,7.0,1,5.0,0.1282,0,1,0,0,0,0,0,0,1,1,0,0.0,0,0,0,0,1,0,1,0,0,0,0,0,0,0,0,0,0,0,5,0.55,1,0,5,0,Designed database schema for PostgreSQL
93,16,4.88,1,16.0,0.0,1,1,0,0,2,1,0,0,1,1,0,0.125,0,1,0,0,2,0,1,0,0,0,0,0,0,0,0,0,0,0,20,1.0,1,1,16,0,"led a team of 13 engineers to redesign the analytics dashboard, reducing response time by 36%"
34,4,7.75,1,4.0,0.0588,0,1,0,0,0,0,0,0,1,1,0,0.0,0,0,0,0,1,0,1,0,0,0,0,1,0,0,0,1,0,1,5,0.46,1,0,4,0,Automated deployments using Docker
45,6,6.67,1,6.0,0.0444,0,1,0,0,0,0,0,0,1,1,0,0.0,0,0,0,0,1,0,0,1,0,0,0,2,1,0,0,0,1,2,6,0.55,1,0,6,0,Implemented Python solution for data pipeline
83,12,6.0,1,12.0,0.0361,0,1,0,0,2,0,0,0,1,1,0,0.1667,0,0,0,0,1,0,0,0,1,0,0,1,1,0,0,0,0,1,14,0.85,1,1,12,0,Implemented TypeScript integration reducing deployment time from 12 days to 1 hours
27,5,4.6,1,5.0,0.037,0,0,0,0,1,0,0,0,0,0,0,0.2,0,0,0,0,1,0,0,1,0,0,0,0,0,0,0,0,0,0,7,0.45,0,1,5,0,Scaled service to 50k users
73,9,6.33,1,9.0,0.0137,0,0,0,0,1,1,0,0,0,0,0,0.1111,0,0,0,0,1,0,1,0,0,0,0,0,0,0,0,0,0,0,20,0.45,0,1,9,1,Involved  in  monitoring  notification  service  with  20%  uptime  goals
56,8,6.12,1,8.0,0.0179,1,0,0,0,2,0,0,0,0,0,0,0.25,0,1,0,0,2,0,0,0,1,0,0,0,0,0,0,0,0,0,12,0.45,0,1,8,1,"Helped maintain analytics dashboard used by 13,000 users"
61,8,6.75,1,8.0,0.0492,0,1,0,0,0,0,0,0,1,1,0,0.0,0,0,0,0,1,0,1,0,0,0,0,0,0,0,0,0,0,0,9,0.55,1,0,8,1,Built highly scalable platform leveraging modern DevOps tools
43,5,7.8,1,5.0,0.093,0,1,0,0,0,0,0,0,1,1,0,0.0,0,0,0,0,1,0,1,0,0,0,0,1,1,0,0,0,0,1,6,0.55,1,0,5,0,Optimized SQL queries improving performance
49,8,5.25,1,8.0,0.0204,0,0,0,0,0,0,0,0,0,0,0,0.0,0,0,0,0,1,0,0,1,0,0,0,0,0,0,0,0,0,0,8,0.15,0,0,8,1,Part of the team working on recommendation system
83,11,6.64,1,11.0,0.0361,0,1,0,0,1,0,0,0,1,1,0,0.0909,0,0,0,0,1,0,0,1,0,0,0,1,1,0,0,0,0,1,13,0.85,1,1,11,0,Created a recommendation system processing 17+ requests per second using TypeScript
39,5,7.0,1,5.0,0.1282,0,1,0,0,0,0,0,0,1,1,0,0.0,0,0,0,0,1,0,1,0,0,0,0,0,0,0,0,0,0,0,5,0.55,1,0,5,0,Designed database schema for PostgreSQL
48,5,8.8,1,5.0,0.0208,0,0,0,0,0,0,0,0,0,0,1,0.0,0,0,0,0,1,0,0,1,0,0,0,0,0,0,0,0,0,0,6,0.15,0,0,5,1,Responsible for notification service maintenance
46,7,5.71,1,7.0,0.1304,0,0,0,0,0,0,0,0,0,0,0,0.0,0,0,0,0,1,0,0,1,0,0,0,2,0,1,0,0,0,1,9,0.15,0,0,7,0,Migrated backend service from Flask to FastAPI
30,4,6.75,1,4.0,0.0667,0,1,0,0,0,0,0,0,1,1,0,0.0,0,0,0,0,1,0,0,0,1,0,0,1,0,0,1,0,0,1,4,0.46,1,0,4,0,Implemented caching with Redis
30,4,6.75,1,4.0,0.0667,0,1,0,0,0,0,0,0,1,1,0,0.0,0,0,0,0,1,0,1,0,0,0,0,1,0,0,1,0,0,1,4,0.46,1,0,4,0,Implemented caching with Redis
50,8,5.38,1,8.0,0.02,1,0,0,0,2,0,0,0,0,0,0,0.25,0,1,0,0,2,0,0,1,0,0,0,1,0,0,0,0,1,1,12,0.45,0,1,8,1,"Helped maintain data pipeline used by 19,000 users"
56,7,7.14,1,7.0,0.0179,0,1,0,0,0,0,0,0,1,1,0,0.0,0,0,0,0,1,0,0,1,0,0,0,0,0,0,0,0,0,0,7,0.55,1,0,7,0,Designed normalized database schema for order management
84,10,6.6,1,10.0,0.0238,1,1,0,0,1,1,0,0,1,1,0,0.1,0,1,0,0,2,0,0,0,1,0,0,1,0,0,0,1,0,1,23,0.85,1,1,10,0,"Automated  authentication  service  using  Docker,  cutting  manual  effort  by  70%"
28,5,4.8,1,5.0,0.4286,0,1,0,0,0,0,0,0,1,1,0,0.0,0,0,0,0,1,0,0,1,0,0,0,2,0,1,0,0,1,2,6,0.55,1,0,5,0,Built REST API using FastAPI
52,6,7.0,1,6.0,0.0192,0,1,0,0,0,0,0,0,1,1,0,0.0,0,0,0,0,1,0,0,1,0,0,0,0,0,0,0,0,0,0,11,0.55,1,0,6,1,Built  caching  for  payment  processing  automation
45,6,6.67,1,6.0,0.0222,0,0,0,0,0,0,0,0,0,0,1,0.0,0,0,0,0,1,0,0,0,1,0,0,0,0,0,0,0,0,0,7,0.15,0,0,6,1,Worked on various inventory tracking projects
30,4,6.75,1,4.0,0.0667,0,1,0,0,0,0,0,0,1,1,0,0.0,0,0,0,0,1,0,0,0,1,0,0,1,0,0,1,0,0,1,4,0.46,1,0,4,0,Implemented caching with Redis
41,8,4.25,1,8.0,0.0244,0,0,0,0,0,0,0,0,0,0,0,0.0,0,0,0,0,1,0,0,0,1,0,0,0,0,0,0,0,0,0,8,0.15,0,0,8,1,Part of the team working on search engine
42,7,5.14,1,7.0,0.0238,0,0,0,0,0,0,0,0,0,0,0,0.0,0,0,0,1,1,0,0,0,1,0,0,0,0,0,0,0,0,0,7,0.15,0,0,7,1,Set up logging and monitoring for services
28,5,4.8,1,5.0,0.0357,0,1,0,0,1,0,0,1,1,1,0,0.2,0,0,0,0,1,1,1,0,0,0,0,0,0,0,0,0,0,0,7,0.85,1,1,5,0,Improved response time by 3x
68,6,10.5,1,6.0,0.0147,0,1,0,0,0,0,0,0,1,1,0,0.0,0,0,0,0,1,0,0,1,0,0,0,0,0,0,0,0,0,0,9,0.55,1,0,6,1,Spearheaded transformational initiatives across notification service
43,5,7.8,1,5.0,0.093,0,1,0,0,0,0,0,0,1,1,0,0.0,0,0,0,0,1,0,1,0,0,0,0,1,1,0,0,0,0,1,6,0.55,1,0,5,0,Optimized SQL queries improving performance
62,10,5.3,1,10.0,0.0484,0,1,0,0,0,0,0,0,1,1,0,0.0,0,0,0,1,1,0,0,1,0,0,0,1,0,0,0,0,1,1,11,0.55,1,0,10,1,Developed AI powered system with machine learning and big data
39,6,5.67,1,6.0,0.0256,0,0,0,0,1,1,0,0,0,0,0,0.1667,0,0,0,0,1,0,1,0,0,0,0,0,0,0,0,0,0,0,9,0.45,0,1,6,0,Wrote unit tests achieving 90% coverage
59,8,6.5,1,8.0,0.0169,0,0,0,0,1,0,0,0,0,0,1,0.125,0,0,0,0,1,0,0,0,1,0,0,0,0,0,0,0,0,0,10,0.45,0,1,8,1,Responsible for recommendation system handling for 3 months
69,9,5.89,1,9.0,0.0145,0,0,0,0,1,1,0,0,0,0,0,0.1111,0,0,0,0,1,0,0,0,1,0,0,0,0,0,0,0,0,0,20,0.45,0,1,9,1,Assisted  in  reducing  incidents  by  47%  without  owning  delivery
37,6,4.5,1,6.0,0.1351,0,0,0,0,0,0,0,0,0,0,0,0.0,0,0,0,0,1,0,0,0,1,0,0,1,0,0,1,0,0,1,11,0.15,0,0,6,1,Added  Redis  caching  layer  to  API
28,5,4.8,1,5.0,0.0357,0,1,0,0,1,0,0,1,1,1,0,0.2,0,0,0,0,1,1,0,0,1,0,0,0,0,0,0,0,0,0,7,0.85,1,1,5,0,Improved response time by 3x
36,5,6.4,1,5.0,0.0278,0,0,0,0,0,0,0,0,0,0,0,0.0,0,0,0,0,1,0,0,0,1,0,0,0,0,0,0,0,0,0,6,0.15,0,0,5,1,Contributed to search engine efforts
44,6,6.5,1,6.0,0.0909,0,1,0,0,0,0,0,0,1,1,0,0.0,0,0,0,0,1,0,1,0,0,0,0,0,0,0,0,0,0,0,6,0.55,1,0,6,1,Built authentication service with JWT tokens
37,4,8.5,1,4.0,0.0541,0,0,0,0,0,0,0,0,0,0,0,0.0,0,0,0,0,1,0,0,1,0,0,0,1,0,0,0,1,0,1,5,0.06,0,0,4,1,Containerized application with Docker
27,4,6.0,1,4.0,0.1481,0,1,0,0,0,0,0,0,1,1,0,0.0,0,0,0,0,1,0,0,0,1,0,0,1,0,0,0,1,0,1,5,0.46,1,0,4,0,Deployed application on AWS
29,5,5.0,1,5.0,0.1034,0,0,0,0,0,0,0,0,0,0,0,0.0,0,0,0,0,1,0,1,0,0,0,0,0,0,0,0,0,0,0,7,0.15,0,0,5,1,Wrote unit tests using PyTest
62,9,6.0,1,9.0,0.1613,1,1,0,0,2,0,0,0,1,1,0,0.2222,0,1,0,0,2,0,1,0,0,0,0,2,1,0,0,0,1,2,13,0.85,1,1,9,0,"Developed REST APIs serving 13,000 daily users with TypeScript"
75,11,5.91,1,11.0,0.0667,0,0,0,0,2,0,0,0,0,0,0,0.1818,0,0,0,0,1,0,0,1,0,0,0,1,0,1,0,0,0,1,14,0.45,0,1,11,0,Scaled authentication service from 10 to 300 concurrent users using FastAPI
30,4,6.75,1,4.0,0.0667,0,1,0,0,0,0,0,0,1,1,0,0.0,0,0,0,0,1,0,0,1,0,0,0,1,0,0,1,0,0,1,4,0.46,1,0,4,0,Implemented caching with Redis
61,9,5.89,1,9.0,0.0,0,0,0,0,1,1,0,0,0,0,0,0.1111,0,0,0,0,1,0,0,1,0,0,0,1,0,0,1,0,0,1,12,0.45,0,1,9,0,achieved 31% test coverage for analytics dashboard with redis
53,6,8.0,1,6.0,0.0566,0,1,0,0,0,0,0,0,1,1,0,0.0,0,0,0,0,1,0,0,0,1,0,0,0,0,0,0,0,0,0,9,0.55,1,0,6,0,Built real-time notification service using WebSockets
57,6,8.67,1,6.0,0.0175,0,1,0,0,0,0,0,0,1,1,0,0.0,0,0,0,0,1,0,0,1,0,0,0,0,0,0,0,0,0,0,7,0.55,1,0,6,1,Developed deployment for recommendation system automation
28,5,4.8,1,5.0,0.0357,0,1,0,0,1,0,0,1,1,1,0,0.2,0,0,0,0,1,1,1,0,0,0,0,0,0,0,0,0,0,0,7,0.85,1,1,5,0,Improved response time by 3x
51,7,6.43,1,7.0,0.0196,0,0,0,0,0,0,0,0,0,0,0,0.0,0,0,0,0,1,0,1,0,0,0,0,0,0,0,0,0,0,0,7,0.15,0,0,7,1,Supported the team with authentication service work
38,4,8.75,1,4.0,0.0263,0,1,0,0,0,0,0,0,1,1,0,0.0,0,0,0,0,1,0,0,0,1,0,0,1,0,0,0,0,1,1,4,0.46,1,0,4,1,Managed data pipeline responsibilities
65,8,7.25,1,8.0,0.0615,0,0,0,0,0,0,0,0,0,0,0,0.0,0,0,0,1,1,0,0,0,1,0,0,2,1,1,0,0,0,2,9,0.15,0,0,8,1,Utilized cutting edge technologies including TypeScript and React
59,9,5.67,1,9.0,0.1525,1,1,0,0,2,0,0,0,1,1,0,0.2222,0,1,0,0,2,0,1,0,0,0,0,2,0,0,0,1,1,2,13,0.85,1,1,9,0,"Developed REST APIs serving 15,000 daily users using Docker"
54,6,8.17,1,6.0,0.0185,0,0,0,0,0,0,0,0,0,0,0,0.0,0,0,0,0,1,0,0,0,1,0,0,1,0,0,0,0,1,1,7,0.15,0,0,6,0,Introduced structured logging across all microservices
61,9,5.89,1,9.0,0.0164,0,0,0,0,1,1,0,0,0,0,1,0.1111,0,0,0,0,1,0,0,1,0,0,0,0,0,0,0,0,0,0,12,0.45,0,1,9,1,Assisted in reducing incidents by 15% without owning delivery
40,5,7.2,1,5.0,0.0,0,0,0,0,0,0,0,0,0,0,0,0.0,0,0,0,0,1,0,1,0,0,0,0,1,0,0,0,0,1,1,7,0.15,0,0,5,1,participated in data pipeline activities
39,5,7.0,1,5.0,0.0,0,0,0,0,0,0,0,0,0,0,0,0.0,0,0,0,0,1,0,0,1,0,0,0,0,0,0,0,0,0,0,6,0.15,0,0,5,1,contributed to order management efforts
41,6,6.0,2,3.0,0.0732,1,1,0,0,0,0,0,0,1,1,0,0.0,0,0,0,1,1,0,0,1,0,0,0,1,0,1,0,0,0,1,7,0.55,1,0,6,0,Created dashboard with React and Chart.js
55,7,7.0,1,7.0,0.0545,0,0,0,0,0,0,0,0,0,0,0,0.0,0,0,0,0,1,0,0,1,0,0,0,1,1,0,0,0,0,1,7,0.15,0,0,7,0,Updated recommendation system backend to use TypeScript
71,11,5.55,1,11.0,0.0845,0,0,0,0,0,0,0,0,1,0,0,0.0,0,0,0,0,1,0,0,1,0,0,0,1,0,0,0,1,0,1,11,0.55,1,0,11,0,Set up automated CI pipeline with GitHub Actions for payment processing
29,5,5.0,1,5.0,0.1034,0,0,0,0,0,0,0,0,0,0,0,0.0,0,0,0,0,1,0,1,0,0,0,0,0,0,0,0,0,0,0,7,0.15,0,0,5,1,Wrote unit tests using PyTest
29,5,5.0,1,5.0,0.1034,0,0,0,0,0,0,0,0,0,0,0,0.0,0,0,0,0,1,0,0,0,1,0,0,0,0,0,0,0,0,0,7,0.15,0,0,5,1,Wrote unit tests using PyTest
46,8,4.88,1,8.0,0.0217,0,0,0,0,0,0,0,0,0,0,0,0.0,0,0,0,0,1,0,0,0,1,0,0,0,0,0,0,0,0,0,8,0.15,0,0,8,1,Part of the team working on payment processing
70,11,5.45,1,11.0,0.0714,0,1,0,0,1,0,0,0,1,1,0,0.0909,0,0,0,0,1,0,1,0,0,0,0,1,0,1,0,0,0,1,14,0.85,1,1,11,0,Developed a API gateway processing 6+ requests per second using Django
47,8,5.0,1,8.0,0.0213,0,0,0,0,0,0,0,0,0,0,0,0.0,0,0,0,0,1,0,1,0,0,0,0,0,0,0,0,0,0,0,8,0.15,0,0,8,1,Part of the team working on analytics dashboard
60,7,7.71,1,7.0,0.0167,0,1,0,0,0,0,0,0,1,1,0,0.0,0,0,0,0,1,0,0,1,0,0,0,0,0,0,0,0,0,0,8,0.55,1,0,7,0,Implemented role-based access control for payment processing
33,4,7.5,1,4.0,0.0606,0,1,0,0,0,0,0,0,1,1,0,0.0,0,0,0,0,1,0,0,1,0,0,0,0,0,0,0,0,0,0,4,0.46,1,0,4,0,Integrated Stripe payment gateway
49,7,6.14,1,7.0,0.0,0,1,0,0,0,0,0,0,1,1,0,0.0,0,0,0,1,1,0,1,0,0,0,0,2,0,1,0,0,1,2,9,0.55,1,0,7,1,implemented rest api using fastapi and postgresql
27,4,6.0,1,4.0,0.1481,0,1,0,0,0,0,0,0,1,1,0,0.0,0,0,0,0,1,0,0,0,1,0,0,1,0,0,0,1,0,1,5,0.46,1,0,4,0,Deployed application on AWS
28,4,6.25,1,4.0,0.0357,0,0,0,0,0,0,0,0,0,0,0,0.0,0,0,0,0,1,0,0,0,1,0,0,1,0,0,0,0,1,1,4,0.06,0,0,4,1,Handled data pipeline duties
55,7,6.14,1,7.0,0.2909,0,1,0,0,0,0,0,0,1,1,0,0.0,0,0,0,1,1,0,1,0,0,0,0,1,0,1,0,0,0,1,14,0.55,1,0,7,0,Implemented  REST  API  using  FastAPI  and  PostgreSQL
39,6,5.67,1,6.0,0.0256,0,0,0,0,1,1,0,0,0,0,0,0.1667,0,0,0,0,1,0,0,0,1,0,0,0,0,0,0,0,0,0,9,0.45,0,1,6,0,Wrote unit tests achieving 90% coverage
75,11,5.91,1,11.0,0.0,0,1,0,0,1,0,0,0,1,1,0,0.0909,0,0,0,0,1,0,0,0,1,0,0,1,0,1,0,0,0,1,14,0.85,1,1,11,0,built a inventory tracking processing 10+ requests per second using fastapi
53,6,8.0,1,6.0,0.0566,0,1,0,0,0,0,0,0,1,1,0,0.0,0,0,0,0,1,0,0,0,1,0,0,0,0,0,0,0,0,0,9,0.55,1,0,6,0,Built real-time notification service using WebSockets
64,9,6.22,1,9.0,0.0156,0,0,0,0,1,1,0,0,0,0,1,0.1111,0,0,0,0,1,0,1,0,0,0,0,0,0,0,0,0,0,0,12,0.45,0,1,9,1,Involved in monitoring notification service with 5% uptime goals
60,9,5.78,1,9.0,0.0667,0,1,0,0,1,1,0,0,1,1,0,0.1111,0,0,0,0,1,0,0,1,0,0,0,0,0,0,0,0,0,0,12,0.85,1,1,9,0,Optimized API gateway queries improving response time by 49%
62,6,8.67,1,6.0,0.0161,0,1,0,0,0,0,0,0,1,1,0,0.0,0,0,0,0,1,0,0,0,1,0,0,0,0,0,0,0,0,0,12,0.55,1,0,6,1,Implemented  alerting  for  recommendation  system  automation
55,8,5.12,1,8.0,0.0182,0,0,0,0,1,0,0,0,0,0,0,0.125,0,0,0,0,1,0,0,1,0,0,0,0,0,0,0,0,0,0,18,0.45,0,1,8,1,Helped  maintain  search  engine  used  by  4000  users
54,6,7.33,1,6.0,0.0185,0,0,0,0,0,0,0,0,0,0,0,0.0,0,0,0,0,1,0,0,0,1,0,0,0,0,0,0,0,0,0,12,0.15,0,0,6,1,Worked  on  various  authentication  service  projects
75,11,5.91,1,11.0,0.0533,0,0,0,0,2,0,0,0,0,0,0,0.1818,0,0,0,0,1,0,1,0,0,0,0,1,0,0,1,0,0,1,13,0.45,0,1,11,0,Scaled authentication service from 10 to 200 concurrent users using MongoDB
37,4,8.5,1,4.0,0.0811,0,0,0,0,0,0,0,0,0,0,1,0.0,0,0,0,0,1,0,0,0,1,0,0,1,1,0,0,0,0,1,5,0.06,0,0,4,1,Involved in TypeScript implementation
65,9,6.33,1,9.0,0.0154,0,1,0,0,1,1,0,0,1,1,0,0.1111,0,0,0,0,1,0,1,0,0,0,0,0,0,0,0,0,0,0,12,0.85,1,1,9,0,Optimized order management queries improving response time by 68%
68,9,6.67,1,9.0,0.0294,0,1,0,0,0,0,0,0,1,1,0,0.0,0,0,0,1,1,0,0,0,1,0,0,1,0,0,0,1,0,1,10,0.55,1,0,9,1,Engineered enterprise level solution using best practices and Docker
45,5,8.2,1,5.0,0.0,0,0,0,0,0,0,0,0,0,0,0,0.0,0,0,0,0,1,0,0,0,1,0,0,0,0,0,0,0,0,0,6,0.15,0,0,5,1,contributed to authentication service efforts
59,6,9.0,1,6.0,0.0508,0,1,0,0,0,0,0,0,1,1,0,0.0,0,0,0,0,1,0,0,1,0,0,0,0,0,0,0,0,0,0,9,0.55,1,0,6,0,Implemented real-time notification service using WebSockets
38,5,6.8,1,5.0,0.0526,0,1,0,0,0,0,0,0,1,1,0,0.0,0,0,0,0,1,0,1,0,0,0,0,1,0,1,0,0,0,1,6,0.55,1,0,5,0,Developed order management using React
61,8,6.75,1,8.0,0.0492,0,1,0,0,0,0,0,0,1,1,0,0.0,0,0,0,0,1,0,0,1,0,0,0,0,0,0,0,0,0,0,9,0.55,1,0,8,1,Built highly scalable platform leveraging modern DevOps tools
58,9,5.56,1,9.0,0.0172,0,0,0,0,1,1,0,0,0,0,1,0.1111,0,0,0,0,1,0,0,0,1,0,0,1,0,0,0,0,1,1,12,0.45,0,1,9,1,Involved in monitoring data pipeline with 14% uptime goals
77,9,7.67,1,9.0,0.0,0,1,0,0,0,0,0,0,1,1,0,0.0,0,0,0,1,1,0,1,0,0,0,0,1,0,0,0,1,0,1,10,0.55,1,0,9,1,implemented distributed system using cloud native technologies and kubernetes
59,7,7.57,1,7.0,0.0508,0,0,0,0,0,0,0,0,0,0,0,0.0,0,0,0,0,1,0,0,1,0,0,0,1,1,0,0,0,0,1,7,0.15,0,0,7,0,Added TypeScript support to existing authentication service
79,12,5.67,1,12.0,0.0,0,1,0,0,2,0,0,0,1,1,0,0.1667,0,0,0,0,1,0,0,0,1,0,0,1,1,0,0,0,0,1,14,0.85,1,1,12,0,implemented python integration reducing deployment time from 12 days to 3 hours
65,10,5.6,1,10.0,0.0308,1,1,0,0,1,1,0,0,1,1,0,0.1,0,1,0,0,2,0,0,1,0,0,0,1,0,0,0,1,0,1,14,0.85,1,1,10,0,"Automated search engine with Docker, cutting manual effort by 50%"
30,4,6.75,1,4.0,0.0667,0,1,0,0,0,0,0,0,1,1,0,0.0,0,0,0,0,1,0,0,0,1,0,0,1,0,0,1,0,0,1,4,0.46,1,0,4,0,Implemented caching with Redis
67,9,6.56,1,9.0,0.0746,0,1,0,0,0,0,0,0,1,1,0,0.0,0,0,0,1,1,0,1,0,0,0,0,1,0,1,0,0,0,1,10,0.55,1,0,9,1,Designed enterprise level solution using best practices and FastAPI
49,8,5.25,1,8.0,0.0,1,0,0,0,2,0,0,0,0,0,0,0.25,0,1,0,0,2,0,1,0,0,0,0,0,0,0,0,0,0,0,12,0.45,0,1,8,1,"helped maintain search engine used by 5,000 users"
63,11,4.82,1,11.0,0.0635,0,0,0,0,2,0,0,0,0,0,0,0.1818,0,0,0,0,1,0,0,1,0,0,0,1,0,0,0,1,0,1,13,0.45,0,1,11,0,Scaled order management from 6 to 400 concurrent users with AWS
62,9,6.0,1,9.0,0.0968,0,1,0,0,0,0,0,0,1,1,0,0.0,0,0,0,1,1,0,0,1,0,0,0,2,0,1,0,0,0,1,12,0.55,1,0,9,1,Developed a full-stack web application using React and FastAPI
52,6,7.83,1,6.0,0.0385,0,1,0,0,0,0,0,0,1,1,0,0.0,0,0,0,0,1,0,0,0,1,0,0,1,0,1,0,0,0,1,6,0.55,1,0,6,0,Implemented React solution for recommendation system
63,9,6.11,1,9.0,0.0159,0,0,0,0,1,1,0,0,0,0,1,0.1111,0,0,0,0,1,0,1,0,0,0,0,0,0,0,0,0,0,0,12,0.45,0,1,9,1,Involved in monitoring inventory tracking with 13% uptime goals
28,5,4.8,1,5.0,0.4286,0,1,0,0,0,0,0,0,1,1,0,0.0,0,0,0,0,1,0,0,1,0,0,0,2,0,1,0,0,1,2,6,0.55,1,0,5,0,Built REST API using FastAPI
42,7,5.14,1,7.0,0.0238,0,0,0,0,0,0,0,0,0,0,0,0.0,0,0,0,1,1,0,1,0,0,0,0,0,0,0,0,0,0,0,7,0.15,0,0,7,0,Set up logging and monitoring for services
42,7,5.14,1,7.0,0.0,0,0,0,0,0,0,0,0,0,0,0,0.0,0,0,0,1,1,0,1,0,0,0,0,0,0,0,0,0,0,0,7,0.15,0,0,7,0,set up logging and monitoring for services
27,4,6.0,1,4.0,0.1481,0,1,0,0,0,0,0,0,1,1,0,0.0,0,0,0,0,1,0,1,0,0,0,0,1,0,0,0,1,0,1,5,0.46,1,0,4,0,Deployed application on AWS
46,6,6.83,1,6.0,0.0217,0,1,0,0,0,0,0,0,1,1,0,0.0,0,0,0,0,1,0,0,1,0,0,0,0,0,0,0,0,0,0,6,0.55,1,0,6,1,Built internal tools for deployment automation
63,10,5.4,1,10.0,0.0476,0,1,0,0,0,0,0,0,1,1,0,0.0,0,0,0,1,1,0,0,0,1,0,0,1,0,0,0,0,1,1,11,0.55,1,0,10,1,Developed AI powered system using machine learning and big data
28,5,4.8,1,5.0,0.0357,0,1,0,0,1,0,0,1,1,1,0,0.2,0,0,0,0,1,1,0,0,1,0,0,0,0,0,0,0,0,0,7,0.85,1,1,5,0,Improved response time by 3x
28,5,4.8,1,5.0,0.0357,0,1,0,0,1,0,0,1,1,1,0,0.2,0,0,0,0,1,1,1,0,0,0,0,0,0,0,0,0,0,0,7,0.85,1,1,5,0,Improved response time by 3x
49,5,9.0,1,5.0,0.0204,0,0,0,0,0,0,0,0,0,0,0,0.0,0,0,0,0,1,0,1,0,0,0,0,1,0,0,0,0,1,1,7,0.15,0,0,5,1,Contributed to microservices migration initiative
65,7,7.57,1,7.0,0.0462,0,0,0,0,0,0,0,0,0,0,0,0.0,0,0,0,0,1,0,0,0,1,0,0,1,0,0,0,1,0,1,15,0.15,0,0,7,0,Containerized  entire  application  stack  using  Docker  Compose
27,5,4.6,1,5.0,0.037,0,0,0,0,1,0,0,0,0,0,0,0.2,0,0,0,0,1,0,0,0,1,0,0,0,0,0,0,0,0,0,7,0.45,0,1,5,0,Scaled service to 50k users
34,5,6.0,1,5.0,0.1176,0,0,0,0,0,0,0,0,0,0,0,0.0,0,0,0,0,1,0,0,0,1,0,0,0,0,0,0,0,0,0,6,0.15,0,0,5,1,Tasked with API gateway operations
50,7,6.29,2,3.5,0.04,1,0,0,0,0,0,0,0,0,0,0,0.0,0,0,0,0,1,0,0,0,1,0,0,0,0,0,0,0,0,0,8,0.15,0,0,7,1,Updated analytics dashboard backend to use Node.js
42,6,6.17,2,3.0,0.0714,1,1,0,0,0,0,0,0,1,1,0,0.0,0,0,0,1,1,0,0,1,0,0,0,1,0,1,0,0,0,1,7,0.55,1,0,6,0,Created dashboard using React and Chart.js
82,10,7.3,1,10.0,0.061,1,0,0,0,1,1,0,0,0,0,0,0.1,0,1,0,0,2,0,0,0,1,0,0,0,0,0,0,0,0,0,14,0.45,0,1,10,0,"Migrated recommendation system to PostgreSQL, reducing infrastructure costs by 56%"
34,4,7.75,1,4.0,0.0588,0,1,0,0,0,0,0,0,1,1,0,0.0,0,0,0,0,1,0,1,0,0,0,0,1,0,0,0,1,0,1,5,0.46,1,0,4,0,Automated deployments using Docker
46,7,5.71,1,7.0,0.1304,0,0,0,0,0,0,0,0,0,0,0,0.0,0,0,0,0,1,0,1,0,0,0,0,2,0,1,0,0,0,1,9,0.15,0,0,7,0,Migrated backend service from Flask to FastAPI
39,5,7.0,1,5.0,0.1282,0,1,0,0,0,0,0,0,1,1,0,0.0,0,0,0,0,1,0,0,0,1,0,0,0,0,0,0,0,0,0,5,0.55,1,0,5,0,Designed database schema for PostgreSQL
80,15,4.4,1,15.0,0.0,0,1,0,0,2,1,0,0,1,1,0,0.1333,0,0,0,0,1,0,1,0,0,0,0,1,0,0,0,0,1,1,18,1.0,1,1,15,0,led a team of 4 engineers to redesign the data pipeline reducing failures by 49%
66,11,5.09,1,11.0,0.0909,0,0,0,0,0,0,0,0,1,0,0,0.0,0,0,0,0,1,0,0,0,1,0,0,1,0,0,0,1,0,1,11,0.55,1,0,11,0,Set up automated CI pipeline with GitHub Actions for search engine
78,12,5.58,1,12.0,0.0256,0,1,0,0,2,0,0,0,1,1,0,0.1667,0,0,0,0,1,0,1,0,0,0,0,1,1,0,0,0,0,1,14,0.85,1,1,12,0,Implemented Python integration reducing deployment time from 3 days to 3 hours
67,8,6.62,1,8.0,0.0149,0,0,0,0,0,0,0,0,0,0,0,0.0,0,0,0,1,1,0,0,0,1,0,0,0,0,0,0,0,0,0,16,0.15,0,0,8,0,Enhanced  database  performance  with  indexing  and  query  tuning
49,8,5.25,1,8.0,0.0,0,0,0,0,1,0,0,0,0,0,1,0.125,0,0,0,0,1,0,1,0,0,0,0,0,0,0,0,0,0,0,10,0.45,0,1,8,1,responsible for api gateway handling for 5 months
48,6,7.17,1,6.0,0.0417,0,1,0,0,0,0,0,0,1,1,0,0.0,0,0,0,0,1,0,0,1,0,0,0,1,0,1,0,0,0,1,6,0.55,1,0,6,0,Implemented Django solution for order management
58,9,5.56,1,9.0,0.0172,0,0,0,0,1,1,0,0,0,0,1,0.1111,0,0,0,0,1,0,0,0,1,0,0,0,0,0,0,0,0,0,12,0.45,0,1,9,1,Involved in monitoring search engine with 14% uptime goals
34,4,7.75,1,4.0,0.0588,0,1,0,0,0,0,0,0,1,1,0,0.0,0,0,0,0,1,0,0,1,0,0,0,1,0,0,0,1,0,1,5,0.46,1,0,4,0,Automated deployments using Docker
67,9,6.56,1,9.0,0.0149,0,0,0,0,1,1,0,0,0,0,1,0.1111,0,0,0,0,1,0,0,1,0,0,0,0,0,0,0,0,0,0,12,0.45,0,1,9,1,Involved in monitoring authentication service with 17% uptime goals
37,4,8.5,1,4.0,0.0541,0,0,0,0,0,0,0,0,0,0,0,0.0,0,0,0,0,1,0,0,0,1,0,0,1,0,0,0,1,0,1,5,0.06,0,0,4,0,Containerized application with Docker
66,8,6.5,1,8.0,0.0303,0,0,0,0,0,0,0,0,0,0,0,0.0,0,0,0,0,1,0,0,1,0,0,0,1,0,0,1,0,0,1,16,0.15,0,0,8,0,Planned  caching  strategy  for  payment  processing  using  Redis
59,8,6.5,2,4.0,0.1017,1,1,0,0,0,0,0,0,1,1,0,0.0,0,0,0,1,1,0,1,0,0,0,0,1,0,1,0,0,0,1,10,0.55,1,0,8,0,Created payment processing module using FastAPI and Node.js
30,4,6.75,1,4.0,0.0667,0,1,0,0,0,0,0,0,1,1,0,0.0,0,0,0,0,1,0,0,1,0,0,0,1,0,0,1,0,0,1,4,0.46,1,0,4,0,Implemented caching with Redis
56,8,6.12,1,8.0,0.0179,1,0,0,0,2,0,0,0,0,0,0,0.25,0,1,0,0,2,0,0,1,0,0,0,0,0,0,0,0,0,0,12,0.45,0,1,8,1,"Helped maintain analytics dashboard used by 18,000 users"
36,5,6.4,1,5.0,0.0278,0,0,0,0,0,0,0,0,0,0,0,0.0,0,0,0,0,1,0,0,1,0,0,0,0,0,0,0,0,0,0,6,0.15,0,0,5,1,Tasked with search engine operations
59,7,7.57,1,7.0,0.0508,0,0,0,0,0,0,0,0,0,0,0,0.0,0,0,0,0,1,0,1,0,0,0,0,1,0,0,0,1,0,1,9,0.15,0,0,7,0,Containerized entire application stack using Docker Compose
27,4,6.0,1,4.0,0.1481,0,1,0,0,0,0,0,0,1,1,0,0.0,0,0,0,0,1,0,0,0,1,0,0,1,0,0,0,1,0,1,5,0.46,1,0,4,0,Deployed application on AWS
37,4,8.5,1,4.0,0.0541,0,0,0,0,0,0,0,0,0,0,0,0.0,0,0,0,0,1,0,1,0,0,0,0,1,0,0,0,1,0,1,5,0.06,0,0,4,1,Containerized application with Docker
64,9,5.33,1,9.0,0.125,0,0,0,0,1,1,0,0,0,0,0,0.1111,0,0,0,0,1,0,1,0,0,0,0,1,0,1,0,0,0,1,21,0.45,0,1,9,0,Achieved  51%  test  coverage  for  API  gateway  using  FastAPI
53,7,6.71,1,7.0,0.0,0,0,0,0,0,0,0,0,0,0,0,0.0,0,0,0,0,1,0,1,0,0,0,0,1,0,0,1,0,0,1,7,0.15,0,0,7,1,added mongodb support to existing analytics dashboard
53,8,5.75,1,8.0,0.0943,0,1,0,0,0,0,0,0,1,1,0,0.0,0,0,0,0,1,0,0,0,1,0,0,1,0,0,1,0,0,1,8,0.55,1,0,8,0,Implemented caching layer using Redis for API gateway
28,5,4.8,1,5.0,0.4286,0,1,0,0,0,0,0,0,1,1,0,0.0,0,0,0,0,1,0,0,0,1,0,0,2,0,1,0,0,1,2,6,0.55,1,0,5,0,Built REST API using FastAPI
38,5,6.8,1,5.0,0.2105,0,1,0,0,0,0,0,0,1,1,0,0.0,0,0,0,0,1,0,0,0,1,0,0,0,0,0,0,0,0,0,6,0.55,1,0,5,0,Developed API gateway using PostgreSQL
45,6,6.67,1,6.0,0.0,0,1,0,0,0,0,0,0,1,1,0,0.0,0,0,0,0,1,0,0,0,1,0,0,0,0,0,0,0,0,0,7,0.55,1,0,6,1,designed database schema for inventory system
66,9,6.44,1,9.0,0.0758,0,0,0,0,0,0,0,0,0,0,1,0.0,0,0,0,1,1,0,0,0,1,0,0,3,0,0,0,1,1,2,11,0.15,0,0,9,1,Worked on scalable microservices architecture using AWS and Docker
33,4,7.5,1,4.0,0.0606,0,1,0,0,0,0,0,0,1,1,0,0.0,0,0,0,0,1,0,1,0,0,0,0,0,0,0,0,0,0,0,4,0.46,1,0,4,0,Integrated Stripe payment gateway
39,5,7.0,1,5.0,0.1282,0,1,0,0,0,0,0,0,1,1,0,0.0,0,0,0,0,1,0,1,0,0,0,0,0,0,0,0,0,0,0,5,0.55,1,0,5,0,Designed database schema for PostgreSQL
39,6,5.67,1,6.0,0.0256,0,0,0,0,1,1,0,0,0,0,0,0.1667,0,0,0,0,1,0,0,1,0,0,0,0,0,0,0,0,0,0,9,0.45,0,1,6,0,Wrote unit tests achieving 90% coverage
53,5,9.0,1,5.0,0.0189,0,0,0,0,0,0,0,0,0,0,0,0.0,0,0,0,0,1,0,0,1,0,0,0,0,0,0,0,0,0,0,11,0.15,0,0,5,1,Participated  in  authentication  service  activities
54,6,8.17,1,6.0,0.0185,0,0,0,0,0,0,0,0,0,0,0,0.0,0,0,0,0,1,0,1,0,0,0,0,1,0,0,0,0,1,1,7,0.15,0,0,6,0,Introduced structured logging across all microservices
49,5,9.0,1,5.0,0.0204,0,0,0,0,0,0,0,0,0,0,0,0.0,0,0,0,0,1,0,0,1,0,0,0,1,0,0,0,0,1,1,7,0.15,0,0,5,0,Contributed to microservices migration initiative
53,6,8.0,1,6.0,0.0377,0,1,0,0,0,0,0,0,1,1,0,0.0,0,0,0,0,1,0,0,0,1,0,0,1,0,1,0,0,0,1,6,0.55,1,0,6,1,Implemented Django solution for recommendation system
48,7,6.0,1,7.0,0.3333,0,1,0,0,0,0,0,0,1,1,0,0.0,0,0,0,1,1,0,0,1,0,0,0,2,0,1,0,0,1,2,8,0.55,1,0,7,0,Implemented REST API with FastAPI and PostgreSQL
36,5,6.4,1,5.0,0.0278,0,0,0,0,0,0,0,0,0,0,0,0.0,0,0,0,0,1,0,1,0,0,0,0,0,0,0,0,0,0,0,6,0.15,0,0,5,1,Contributed to search engine efforts
69,9,6.78,1,9.0,0.0435,0,0,0,0,0,0,0,0,0,0,0,0.0,0,0,0,1,1,0,0,0,1,0,0,1,1,0,0,0,0,1,10,0.15,0,0,9,1,Planned enterprise level solution using best practices and TypeScript
53,8,5.75,1,8.0,0.0943,0,1,0,0,0,0,0,0,1,1,0,0.0,0,0,0,0,1,0,1,0,0,0,0,1,0,0,1,0,0,1,8,0.55,1,0,8,0,Designed caching strategy for API gateway using Redis
51,6,7.67,1,6.0,0.0,0,1,0,0,0,0,0,0,1,1,0,0.0,0,0,0,0,1,0,0,1,0,0,0,0,0,0,0,0,0,0,6,0.55,1,0,6,0,built deployment for analytics dashboard automation
55,8,6.0,1,8.0,0.0364,0,1,0,0,0,0,0,0,1,1,0,0.0,0,0,0,0,1,0,1,0,0,0,0,1,0,0,1,0,0,1,8,0.55,1,0,8,0,Implemented caching layer using Redis for search engine
69,10,5.1,1,10.0,0.0,0,0,0,0,1,0,0,0,0,0,0,0.1,0,0,0,0,1,0,1,0,0,0,0,0,0,0,0,0,0,0,21,0.45,0,1,10,1,worked  on  api  gateway  that  processed  20+  requests  per  second
54,6,8.17,1,6.0,0.0185,0,1,0,0,0,0,0,0,1,1,0,0.0,0,0,0,0,1,0,0,1,0,0,0,0,0,0,0,0,0,0,6,0.55,1,0,6,1,Built monitoring for authentication service automation
48,5,8.8,1,5.0,0.0208,0,0,0,0,0,0,0,0,0,0,1,0.0,0,0,0,0,1,0,0,0,1,0,0,0,0,0,0,0,0,0,6,0.15,0,0,5,1,Responsible for notification service maintenance
64,9,6.22,1,9.0,0.0312,0,0,0,0,1,1,0,0,0,0,0,0.1111,0,0,0,0,1,0,1,0,0,0,0,1,0,1,0,0,0,1,12,0.45,0,1,9,0,Achieved 54% test coverage for notification service using Django
56,8,6.12,1,8.0,0.0893,0,1,0,0,0,0,0,0,1,1,0,0.0,0,0,0,0,1,0,0,0,1,0,0,3,0,0,1,0,1,2,11,0.55,1,0,8,0,Architected data pipeline for ETL processing using Redis
62,10,5.3,1,10.0,0.0484,0,1,0,0,0,0,0,0,1,1,0,0.0,0,0,0,1,1,0,0,0,1,0,0,1,0,0,0,0,1,1,11,0.55,1,0,10,1,Developed AI powered system with machine learning and big data
45,7,5.57,1,7.0,0.1778,0,0,0,0,0,0,0,0,0,0,0,0.0,0,0,0,0,1,0,0,0,1,0,0,1,0,1,0,0,0,1,8,0.15,0,0,7,0,Added FastAPI support to existing API gateway
56,8,6.12,1,8.0,0.0179,0,0,0,0,1,0,0,0,0,0,1,0.125,0,0,0,0,1,0,0,0,1,0,0,0,0,0,0,0,0,0,10,0.45,0,1,8,1,Responsible for inventory tracking handling for 7 months
40,5,7.2,1,5.0,0.025,0,0,0,0,0,0,0,0,0,0,0,0.0,0,0,0,0,1,0,1,0,0,0,0,0,0,0,0,0,0,0,7,0.15,0,0,5,1,Participated in search engine activities
74,11,5.82,1,11.0,0.0811,0,0,0,0,0,0,0,0,1,0,0,0.0,0,0,0,0,1,0,0,1,0,0,0,1,0,0,0,1,0,1,11,0.55,1,0,11,0,Set up automated CI pipeline with GitHub Actions for recommendation system
75,9,6.56,1,9.0,0.04,0,0,0,0,1,1,0,0,0,0,0,0.1111,0,0,0,0,1,0,0,0,1,0,0,1,0,1,0,0,0,1,20,0.45,0,1,9,0,Achieved  49%  test  coverage  for  analytics  dashboard  using  TensorFlow
52,7,6.57,1,7.0,0.0,0,0,0,0,0,0,0,0,0,0,0,0.0,0,0,0,0,1,0,1,0,0,0,0,1,0,1,0,0,0,1,7,0.15,0,0,7,1,updated authentication service backend to use django
59,6,9.0,1,6.0,0.0678,0,1,0,0,0,0,0,0,1,1,0,0.0,0,0,0,0,1,0,1,0,0,0,0,0,0,0,0,0,0,0,9,0.55,1,0,6,1,Spearheaded transformational initiatives across API gateway
73,11,5.73,1,11.0,0.0548,0,0,0,0,2,0,0,0,0,0,0,0.1818,0,0,0,0,1,0,1,0,0,0,0,1,0,0,1,0,0,1,13,0.45,0,1,11,0,Scaled notification service from 17 to 100 concurrent users using MongoDB
79,10,7.0,1,10.0,0.0253,1,0,0,0,1,1,0,0,0,0,0,0.1,0,1,0,0,2,0,1,0,0,0,0,1,0,1,0,0,0,1,14,0.45,0,1,10,0,"Migrated authentication service to Django, reducing infrastructure costs by 59%"
66,10,5.7,1,10.0,0.0152,0,0,0,0,1,0,0,0,0,0,1,0.1,0,0,0,0,1,0,1,0,0,0,0,0,0,0,0,0,0,0,13,0.45,0,1,10,1,Worked on inventory tracking that processed 8+ requests per second
63,9,6.11,1,9.0,0.0159,0,0,0,0,1,1,0,0,0,0,1,0.1111,0,0,0,0,1,0,0,1,0,0,0,0,0,0,0,0,0,0,12,0.45,0,1,9,1,Involved in monitoring analytics dashboard with 5% uptime goals
65,9,6.33,1,9.0,0.0154,0,0,0,0,1,0,0,0,0,0,0,0.1111,0,0,0,0,1,0,0,0,1,0,0,0,0,0,0,0,0,0,10,0.45,0,1,9,1,Supported migration of recommendation system completed in 4 weeks
67,9,6.56,1,9.0,0.0149,0,1,0,0,1,1,0,0,1,1,0,0.1111,0,0,0,0,1,0,1,0,0,0,0,0,0,0,0,0,0,0,12,0.85,1,1,9,0,Optimized payment processing queries improving response time by 38%
37,4,8.5,1,4.0,0.0541,0,0,0,0,0,0,0,0,0,0,0,0.0,0,0,0,0,1,0,1,0,0,0,0,1,0,0,0,1,0,1,5,0.06,0,0,4,0,Containerized application with Docker
43,5,7.8,1,5.0,0.093,0,1,0,0,0,0,0,0,1,1,0,0.0,0,0,0,0,1,0,1,0,0,0,0,1,1,0,0,0,0,1,6,0.55,1,0,5,0,Optimized SQL queries improving performance
65,8,7.25,1,8.0,0.0615,0,0,0,0,0,0,0,0,0,0,0,0.0,0,0,0,0,1,0,0,1,0,0,0,0,0,0,0,0,0,0,9,0.15,0,0,8,1,Employed industry standard frameworks for API gateway development
34,4,7.75,1,4.0,0.0588,0,1,0,0,0,0,0,0,1,1,0,0.0,0,0,0,0,1,0,1,0,0,0,0,1,0,0,0,1,0,1,5,0.46,1,0,4,0,Automated deployments using Docker
77,12,5.5,1,12.0,0.026,0,1,0,0,2,0,0,0,1,1,0,0.1667,0,0,0,0,1,0,0,0,1,0,0,1,0,0,1,0,0,1,14,0.85,1,1,12,0,Implemented Redis integration reducing deployment time from 3 days to 5 hours
39,6,5.67,1,6.0,0.0256,0,0,0,0,1,1,0,0,0,0,0,0.1667,0,0,0,0,1,0,1,0,0,0,0,0,0,0,0,0,0,0,9,0.45,0,1,6,0,Wrote unit tests achieving 90% coverage
27,5,4.6,1,5.0,0.037,0,0,0,0,1,0,0,0,0,0,0,0.2,0,0,0,0,1,0,1,0,0,0,0,0,0,0,0,0,0,0,7,0.45,0,1,5,0,Scaled service to 50k users
67,8,7.5,1,8.0,0.0149,0,0,0,0,0,0,0,0,0,0,0,0.0,0,0,0,0,1,0,1,0,0,0,0,0,0,0,0,0,0,0,9,0.15,0,0,8,1,Employed industry standard frameworks for search engine development
45,4,10.5,1,4.0,0.0222,0,1,0,0,0,0,0,0,1,1,0,0.0,0,0,0,0,1,0,0,0,1,0,0,0,0,0,0,0,0,0,4,0.46,1,0,4,1,Managed notification service responsibilities
53,8,5.75,1,8.0,0.0943,0,1,0,0,0,0,0,0,1,1,0,0.0,0,0,0,0,1,0,0,0,1,0,0,1,0,0,1,0,0,1,8,0.55,1,0,8,0,Implemented caching layer using Redis for API gateway
22,4,4.75,1,4.0,0.0455,0,1,0,0,1,1,0,0,1,1,0,0.25,0,0,0,0,1,1,1,0,0,0,0,0,0,0,0,0,0,0,7,0.76,1,1,4,0,Reduced latency by 40%
43,5,7.8,1,5.0,0.093,0,1,0,0,0,0,0,0,1,1,0,0.0,0,0,0,0,1,0,0,0,1,0,0,1,1,0,0,0,0,1,6,0.55,1,0,5,0,Optimized SQL queries improving performance
71,8,8.0,1,8.0,0.0141,0,0,0,0,0,0,0,0,0,0,0,0.0,0,0,0,0,1,0,1,0,0,0,0,1,0,0,0,0,1,1,10,0.15,0,0,8,1,Leveraged agile methodologies to deliver notification service solutions
59,8,6.5,1,8.0,0.0169,0,0,0,0,1,0,0,0,0,0,1,0.125,0,0,0,0,1,0,0,1,0,0,0,0,0,0,0,0,0,0,10,0.45,0,1,8,1,Responsible for notification service handling for 15 months
34,5,6.0,1,5.0,0.1176,0,0,0,0,0,0,0,0,0,0,0,0.0,0,0,0,0,1,0,0,0,1,0,0,0,0,0,0,0,0,0,6,0.15,0,0,5,1,Tasked with API gateway operations
63,8,6.12,1,8.0,0.0635,0,1,0,0,0,0,0,0,1,1,0,0.0,0,0,0,1,1,0,0,1,0,0,0,2,0,1,0,0,0,1,15,0.55,1,0,8,0,Created  data  pipeline  module  using  Django  and  TensorFlow
66,8,7.38,1,8.0,0.0606,0,0,0,0,0,0,0,0,0,0,0,0.0,0,0,0,1,1,0,1,0,0,0,0,2,0,1,0,0,0,1,9,0.15,0,0,8,1,Utilized cutting edge technologies including Django and TensorFlow
60,9,5.78,1,9.0,0.2,1,1,0,0,2,0,0,0,1,1,0,0.2222,0,1,0,0,2,0,0,0,1,0,0,2,0,1,0,0,1,2,14,0.85,1,1,9,0,"Developed REST APIs serving 14,000 daily users using FastAPI"
27,4,6.0,1,4.0,0.1481,0,1,0,0,0,0,0,0,1,1,0,0.0,0,0,0,0,1,0,1,0,0,0,0,1,0,0,0,1,0,1,5,0.46,1,0,4,0,Deployed application on AWS
61,9,5.89,1,9.0,0.0164,0,0,0,0,1,1,0,0,0,0,1,0.1111,0,0,0,0,1,0,1,0,0,0,0,0,0,0,0,0,0,0,12,0.45,0,1,9,1,Assisted in reducing incidents by 62% without owning delivery
72,11,5.64,1,11.0,0.0694,0,0,0,0,2,0,0,0,0,0,0,0.1818,0,0,0,0,1,0,1,0,0,0,0,1,0,1,0,0,0,1,14,0.45,0,1,11,0,Scaled analytics dashboard from 13 to 100 concurrent users using FastAPI
59,9,5.67,1,9.0,0.1525,1,1,0,0,2,0,0,0,1,1,0,0.2222,0,1,0,0,2,0,1,0,0,0,0,2,0,1,0,0,1,2,13,0.85,1,1,9,0,"Developed REST APIs serving 10,000 daily users using Django"
30,4,6.75,1,4.0,0.0667,0,1,0,0,0,0,0,0,1,1,0,0.0,0,0,0,0,1,0,0,0,1,0,0,1,0,0,1,0,0,1,4,0.46,1,0,4,0,Implemented caching with Redis
48,6,7.17,1,6.0,0.0208,0,1,0,0,0,0,0,0,1,1,0,0.0,0,0,0,0,1,0,0,1,0,0,0,0,0,0,0,0,0,0,7,0.55,1,0,6,0,Developed backend endpoints for order management
66,9,6.44,1,9.0,0.0303,0,1,0,0,0,0,0,0,1,1,0,0.0,0,0,0,1,1,0,0,1,0,0,0,1,1,0,0,0,0,1,9,0.55,1,0,9,1,Designed enterprise level solution using best practices and Python
38,4,8.75,1,4.0,0.0263,0,1,0,0,0,0,0,0,1,1,0,0.0,0,0,0,0,1,0,1,0,0,0,0,0,0,0,0,0,0,0,4,0.46,1,0,4,1,Managed search engine responsibilities
28,5,4.8,1,5.0,0.0357,0,1,0,0,1,0,0,1,1,1,0,0.2,0,0,0,0,1,1,0,0,1,0,0,0,0,0,0,0,0,0,7,0.85,1,1,5,0,Improved response time by 3x
40,6,5.83,1,6.0,0.125,0,1,0,0,0,0,0,0,1,1,0,0.0,0,0,0,0,1,0,0,0,1,0,0,1,0,0,0,0,1,1,8,0.55,1,0,6,0,Built CI/CD for search engine automation
62,9,6.0,1,9.0,0.0,0,0,0,0,1,0,0,0,0,0,0,0.1111,0,0,0,0,1,0,1,0,0,0,0,0,0,0,0,0,0,0,10,0.45,0,1,9,1,supported migration of payment processing completed in 7 weeks
34,5,6.0,1,5.0,0.1176,0,0,0,0,0,0,0,0,0,0,0,0.0,0,0,0,0,1,0,0,1,0,0,0,0,0,0,0,0,0,0,6,0.15,0,0,5,1,Tasked with API gateway operations
46,6,6.83,1,6.0,0.0,0,0,0,0,0,0,0,0,0,0,1,0.0,0,0,0,0,1,0,0,1,0,0,0,0,0,0,0,0,0,0,6,0.15,0,0,6,1,worked on various analytics dashboard projects
68,9,6.67,1,9.0,0.0441,0,0,0,0,0,0,0,0,0,0,1,0.0,0,0,0,1,1,0,1,0,0,0,0,3,0,1,0,1,1,3,11,0.15,0,0,9,1,Worked on scalable microservices architecture using React and Docker
63,9,6.11,1,9.0,0.1587,1,1,0,0,2,0,0,0,1,1,0,0.2222,0,1,0,0,2,0,0,1,0,0,0,2,0,1,0,0,1,2,13,0.85,1,1,9,0,"Developed REST APIs serving 13,000 daily users using TensorFlow"
80,11,6.36,1,11.0,0.0625,0,1,0,0,1,0,0,0,1,1,0,0.0909,0,0,0,0,1,0,1,0,0,0,0,0,0,0,0,0,0,0,14,0.85,1,1,11,0,Developed a order management processing 16+ requests per second using PostgreSQL
105,16,4.69,1,16.0,0.0,1,1,0,0,2,1,0,0,1,1,0,0.125,0,1,0,0,2,0,0,0,1,0,0,0,0,0,0,0,0,0,35,1.0,1,1,16,0,"led  a  team  of  13  engineers  to  redesign  the  order  management,  reducing  response  time  by  33%"
39,5,7.0,1,5.0,0.1282,0,1,0,0,0,0,0,0,1,1,0,0.0,0,0,0,0,1,0,1,0,0,0,0,0,0,0,0,0,0,0,5,0.55,1,0,5,0,Designed database schema for PostgreSQL
38,5,6.8,1,5.0,0.0,0,1,0,0,0,0,0,0,1,1,0,0.0,0,0,0,0,1,0,0,1,0,0,0,1,0,0,0,1,0,1,6,0.55,1,0,5,1,integrated aws with inventory tracking
55,7,7.0,1,7.0,0.0182,0,1,0,0,0,0,0,0,1,1,0,0.0,0,0,0,0,1,0,0,0,1,0,0,1,0,0,0,0,1,1,8,0.55,1,0,7,0,Implemented role-based access control for data pipeline
49,7,6.14,1,7.0,0.0204,0,0,0,0,0,0,0,0,0,0,0,0.0,0,0,0,0,1,0,0,1,0,0,0,0,0,0,0,0,0,0,7,0.15,0,0,7,1,Supported the team with notification service work
47,6,7.0,1,6.0,0.0,0,1,0,0,0,0,0,0,1,1,0,0.0,0,0,0,0,1,0,0,1,0,0,0,0,0,0,0,0,0,0,6,0.55,1,0,6,1,built logging for payment processing automation
53,6,8.0,1,6.0,0.0377,0,1,0,0,0,0,0,0,1,1,0,0.0,0,0,0,0,1,0,0,0,1,0,0,1,0,1,0,0,0,1,6,0.55,1,0,6,1,Implemented Django solution for recommendation system
62,9,5.11,1,9.0,0.1774,0,1,0,0,1,0,0,0,1,1,0,0.1111,0,0,0,0,1,0,0,0,1,0,0,1,0,0,0,1,0,1,20,0.85,1,1,9,0,Developed  REST  APIs  serving  5000  daily  users  using  AWS
74,8,7.5,1,8.0,0.0135,0,0,0,0,0,0,0,0,0,0,0,0.0,0,0,0,0,1,0,0,0,1,0,0,0,0,0,0,0,0,0,16,0.15,0,0,8,1,Employed  industry  standard  frameworks  for  search  engine  development
46,7,5.71,1,7.0,0.1304,0,0,0,0,0,0,0,0,0,0,0,0.0,0,0,0,0,1,0,0,1,0,0,0,2,0,1,0,0,0,1,9,0.15,0,0,7,0,Migrated backend service from Flask to FastAPI
45,7,5.57,1,7.0,0.0444,0,0,0,0,0,0,0,0,0,0,0,0.0,0,0,0,0,1,0,0,1,0,0,0,1,0,1,0,0,0,1,7,0.15,0,0,7,1,Added React support to existing search engine
22,4,4.75,1,4.0,0.0455,0,1,0,0,1,1,0,0,1,1,0,0.25,0,0,0,0,1,1,1,0,0,0,0,0,0,0,0,0,0,0,7,0.76,1,1,4,0,Reduced latency by 40%
30,4,6.75,1,4.0,0.0667,0,1,0,0,0,0,0,0,1,1,0,0.0,0,0,0,0,1,0,0,1,0,0,0,1,0,0,1,0,0,1,4,0.46,1,0,4,0,Implemented caching with Redis
43,6,5.5,1,6.0,0.093,0,0,0,0,0,0,0,0,0,0,0,0.0,0,0,0,0,1,0,1,0,0,0,0,0,0,0,0,0,0,0,12,0.15,0,0,6,1,Worked  on  various  API  gateway  projects
27,5,4.6,1,5.0,0.037,0,0,0,0,1,0,0,0,0,0,0,0.2,0,0,0,0,1,0,0,0,1,0,0,0,0,0,0,0,0,0,7,0.45,0,1,5,0,Scaled service to 50k users
22,4,4.75,1,4.0,0.0455,0,1,0,0,1,1,0,0,1,1,0,0.25,0,0,0,0,1,1,1,0,0,0,0,0,0,0,0,0,0,0,7,0.76,1,1,4,0,Reduced latency by 40%
28,5,4.8,1,5.0,0.4286,0,1,0,0,0,0,0,0,1,1,0,0.0,0,0,0,0,1,0,1,0,0,0,0,2,0,1,0,0,1,2,6,0.55,1,0,5,0,Built REST API using FastAPI
22,4,4.75,1,4.0,0.0455,0,1,0,0,1,1,0,0,1,1,0,0.25,0,0,0,0,1,1,1,0,0,0,0,0,0,0,0,0,0,0,7,0.76,1,1,4,0,Reduced latency by 40%
82,9,7.33,1,9.0,0.061,0,1,0,0,0,0,0,0,1,1,0,0.0,0,0,0,1,1,0,0,0,1,0,0,1,0,1,0,0,0,1,18,0.55,1,0,9,1,Implemented  distributed  system  using  cloud  native  technologies  and  FastAPI
50,7,6.29,1,7.0,0.04,0,0,0,0,0,0,0,0,0,0,0,0.0,0,0,0,0,1,0,0,1,0,0,0,1,0,1,0,0,0,1,7,0.15,0,0,7,1,Added Flask support to existing payment processing
22,4,4.75,1,4.0,0.0455,0,1,0,0,1,1,0,0,1,1,0,0.25,0,0,0,0,1,1,1,0,0,0,0,0,0,0,0,0,0,0,7,0.76,1,1,4,0,Reduced latency by 40%
70,8,7.88,1,8.0,0.0,0,0,0,0,0,0,0,0,0,0,0,0.0,0,0,0,0,1,0,0,1,0,0,0,1,0,0,0,0,1,1,9,0.15,0,0,8,1,leveraged agile methodologies to deliver analytics dashboard solutions
63,11,4.82,1,11.0,0.0794,0,0,0,0,2,0,0,0,0,0,0,0.1818,0,0,0,0,1,0,1,0,0,0,0,1,1,0,0,0,0,1,13,0.45,0,1,11,0,Scaled API gateway from 19 to 200 concurrent users using Python
58,7,7.43,1,7.0,0.0172,0,0,0,0,0,0,0,0,0,0,0,0.0,0,0,0,0,1,0,0,0,1,0,0,0,0,0,0,0,0,0,8,0.15,0,0,7,0,Planned normalized database schema for analytics dashboard
77,9,7.67,1,9.0,0.0649,0,1,0,0,0,0,0,0,1,1,0,0.0,0,0,0,1,1,0,0,1,0,0,0,0,0,0,0,0,0,0,9,0.55,1,0,9,1,Implemented distributed system using cloud native technologies and PostgreSQL
52,8,5.62,1,8.0,0.0,0,0,0,0,1,0,0,0,0,0,1,0.125,0,0,0,0,1,0,0,1,0,0,0,0,0,0,0,0,0,0,10,0.45,0,1,8,1,responsible for search engine handling for 20 months
60,8,6.62,2,4.0,0.0667,1,1,0,0,0,0,0,0,1,1,0,0.0,0,0,0,1,1,0,1,0,0,0,0,1,0,1,0,0,0,1,9,0.55,1,0,8,0,Created order management module using TensorFlow and Node.js
52,8,5.62,1,8.0,0.0962,0,1,0,0,0,0,0,0,1,1,0,0.0,0,0,0,0,1,0,0,1,0,0,0,1,0,0,1,0,0,1,8,0.55,1,0,8,0,Implemented caching layer with Redis for API gateway
58,7,7.43,1,7.0,0.0,0,1,0,0,0,0,0,0,1,1,0,0.0,0,0,0,1,1,0,0,1,0,0,0,0,0,0,0,0,0,0,9,0.55,1,0,7,1,integrated third-party apis for payments and notifications
51,8,4.62,1,8.0,0.0196,0,0,0,0,0,0,0,0,0,0,0,0.0,0,0,0,0,1,0,0,1,0,0,0,0,0,0,0,0,0,0,15,0.15,0,0,8,1,Part  of  the  team  working  on  order  management
54,6,8.17,1,6.0,0.0185,0,0,0,0,0,0,0,0,0,0,0,0.0,0,0,0,0,1,0,1,0,0,0,0,1,0,0,0,0,1,1,7,0.15,0,0,6,0,Introduced structured logging across all microservices
49,8,5.25,1,8.0,0.0204,1,0,0,0,2,0,0,0,0,0,0,0.25,0,1,0,0,2,0,0,0,1,0,0,0,0,0,0,0,0,0,12,0.45,0,1,8,1,"Helped maintain search engine used by 6,000 users"
45,6,6.67,1,6.0,0.0222,0,1,0,0,0,0,0,0,1,1,0,0.0,0,0,0,0,1,0,0,0,1,0,0,0,0,0,0,0,0,0,6,0.55,1,0,6,0,Designed database schema for inventory system
59,5,11.0,1,5.0,0.0169,0,0,0,0,0,0,0,0,0,0,0,0.0,0,0,0,0,1,0,1,0,0,0,0,0,0,0,0,0,0,0,8,0.15,0,0,5,0,Refactored authentication service improving maintainability
46,5,8.4,1,5.0,0.0217,0,0,0,0,0,0,0,0,0,0,0,0.0,0,0,0,0,1,0,0,1,0,0,0,0,0,0,0,0,0,0,7,0.15,0,0,5,1,Participated in analytics dashboard activities
54,6,8.17,1,6.0,0.0185,0,0,0,0,0,0,0,0,0,0,0,0.0,0,0,0,0,1,0,0,1,0,0,0,1,0,0,0,0,1,1,7,0.15,0,0,6,0,Introduced structured logging across all microservices
63,8,7.0,1,8.0,0.0317,0,0,0,0,0,0,0,0,0,0,0,0.0,0,0,0,0,1,0,0,1,0,0,0,1,0,0,1,0,0,1,9,0.15,0,0,8,0,Planned caching strategy for authentication service using Redis
28,5,4.8,1,5.0,0.0357,0,1,0,0,1,0,0,1,1,1,0,0.2,0,0,0,0,1,1,1,0,0,0,0,0,0,0,0,0,0,0,7,0.85,1,1,5,0,Improved response time by 3x
57,9,5.44,1,9.0,0.0175,0,0,0,0,1,0,0,0,0,0,0,0.1111,0,0,0,0,1,0,0,0,1,0,0,1,0,0,0,0,1,1,10,0.45,0,1,9,1,Supported migration of data pipeline completed in 7 weeks
28,5,4.8,1,5.0,0.4286,0,1,0,0,0,0,0,0,1,1,0,0.0,0,0,0,0,1,0,1,0,0,0,0,2,0,1,0,0,1,2,6,0.55,1,0,5,0,Built REST API using FastAPI
63,10,5.4,1,10.0,0.0476,0,1,0,0,0,0,0,0,1,1,0,0.0,0,0,0,1,1,0,1,0,0,0,0,1,0,0,0,0,1,1,11,0.55,1,0,10,1,Developed AI powered system using machine learning and big data
49,6,7.33,1,6.0,0.0204,0,0,0,0,0,0,0,0,0,0,1,0.0,0,0,0,0,1,0,0,0,1,0,0,0,0,0,0,0,0,0,7,0.15,0,0,6,1,Worked on various authentication service projects
48,5,8.8,1,5.0,0.0208,0,0,0,0,0,0,0,0,0,0,0,0.0,0,0,0,0,1,0,0,1,0,0,0,0,0,0,0,0,0,0,7,0.15,0,0,5,1,Participated in recommendation system activities
45,6,6.67,1,6.0,0.0222,0,1,0,0,0,0,0,0,1,1,0,0.0,0,0,0,0,1,0,0,0,1,0,0,0,0,0,0,0,0,0,6,0.55,1,0,6,1,Designed database schema for inventory system
27,4,6.0,1,4.0,0.1481,0,1,0,0,0,0,0,0,1,1,0,0.0,0,0,0,0,1,0,0,1,0,0,0,1,0,0,0,1,0,1,5,0.46,1,0,4,0,Deployed application on AWS
22,4,4.75,1,4.0,0.0455,0,1,0,0,1,1,0,0,1,1,0,0.25,0,0,0,0,1,1,1,0,0,0,0,0,0,0,0,0,0,0,7,0.76,1,1,4,0,Reduced latency by 40%
65,9,5.44,1,9.0,0.1385,1,1,0,0,2,0,0,0,1,1,0,0.2222,0,1,0,0,2,0,1,0,0,0,0,1,0,1,0,0,0,1,21,0.85,1,1,9,0,"Developed  REST  APIs  serving  4,000  daily  users  using  React"
37,5,6.6,2,2.5,0.0541,1,1,0,0,0,0,0,0,1,1,0,0.0,0,0,0,0,1,0,0,1,0,0,0,0,0,0,0,0,0,0,6,0.55,1,0,5,0,Integrated Node.js with search engine
27,5,4.6,1,5.0,0.037,0,0,0,0,1,0,0,0,0,0,0,0.2,0,0,0,0,1,0,1,0,0,0,0,0,0,0,0,0,0,0,7,0.45,0,1,5,0,Scaled service to 50k users
52,7,6.57,1,7.0,0.0769,0,1,0,0,0,0,0,0,1,1,0,0.0,0,0,0,1,1,1,1,0,0,0,0,0,0,0,0,0,0,0,7,0.55,1,0,7,1,Improved API reliability through logging and retries
56,9,5.33,1,9.0,0.1964,1,1,0,0,2,0,0,0,1,1,0,0.2222,0,1,0,0,2,0,0,0,1,0,0,2,0,0,0,1,1,2,13,0.85,1,1,9,0,"Developed REST APIs serving 10,000 daily users using AWS"
64,9,6.22,1,9.0,0.0156,0,0,0,0,1,1,0,0,0,0,1,0.1111,0,0,0,0,1,0,0,1,0,0,0,0,0,0,0,0,0,0,12,0.45,0,1,9,1,Involved in monitoring analytics dashboard with 15% uptime goals
28,5,4.8,1,5.0,0.4286,0,1,0,0,0,0,0,0,1,1,0,0.0,0,0,0,0,1,0,0,1,0,0,0,2,0,1,0,0,1,2,6,0.55,1,0,5,0,Built REST API using FastAPI
75,8,8.5,1,8.0,0.0267,0,1,0,0,0,0,0,0,1,1,0,0.0,0,0,0,0,1,0,1,0,0,0,0,0,0,0,0,0,0,0,9,0.55,1,0,8,0,Implemented event-driven architecture using Kafka for recommendation system
57,7,7.29,1,7.0,0.0175,0,1,0,0,0,0,0,0,1,1,0,0.0,0,0,0,0,1,0,0,0,1,0,0,0,0,0,0,0,0,0,7,0.55,1,0,7,0,Created reusable component library for frontend dashboard
57,7,7.29,1,7.0,0.0175,0,1,0,0,0,0,0,0,1,1,0,0.0,0,0,0,0,1,0,0,1,0,0,0,0,0,0,0,0,0,0,7,0.55,1,0,7,0,Created reusable component library for frontend dashboard
27,4,6.0,1,4.0,0.1481,0,1,0,0,0,0,0,0,1,1,0,0.0,0,0,0,0,1,0,1,0,0,0,0,1,0,0,0,1,0,1,5,0.46,1,0,4,0,Deployed application on AWS
46,6,6.0,2,3.0,0.0652,1,1,0,0,0,0,0,0,1,1,0,0.0,0,0,0,1,1,0,1,0,0,0,0,1,0,1,0,0,0,1,12,0.55,1,0,6,1,Created  dashboard  with  React  and  Chart.js
53,6,8.0,1,6.0,0.0,0,1,0,0,0,0,0,0,1,1,0,0.0,0,0,0,0,1,0,0,1,0,0,0,0,0,0,0,0,0,0,8,0.55,1,0,6,0,built real-time notification service using websockets
46,7,5.71,1,7.0,0.1304,0,0,0,0,0,0,0,0,0,0,0,0.0,0,0,0,0,1,0,0,0,1,0,0,2,0,1,0,0,0,1,9,0.15,0,0,7,0,Migrated backend service from Flask to FastAPI
47,6,7.0,1,6.0,0.1277,0,1,0,0,1,0,0,0,1,1,0,0.1667,0,0,0,1,1,0,1,0,0,0,0,0,0,0,0,0,0,0,7,0.85,1,1,6,0,Implemented authentication using JWT and OAuth2
32,6,4.5,1,6.0,0.0,0,0,0,0,0,0,0,0,0,0,0,0.0,0,0,0,0,1,0,0,0,1,0,0,1,0,0,1,0,0,1,6,0.15,0,0,6,1,added redis caching layer to api
33,4,7.5,1,4.0,0.0,0,1,0,0,0,0,0,0,1,1,0,0.0,0,0,0,0,1,0,0,0,1,0,0,0,0,0,0,0,0,0,5,0.46,1,0,4,0,integrated stripe payment gateway
60,8,6.62,1,8.0,0.0167,0,0,0,0,1,0,0,0,0,0,1,0.125,0,0,0,0,1,0,0,0,1,0,0,0,0,0,0,0,0,0,10,0.45,0,1,8,1,Responsible for authentication service handling for 7 months
45,6,6.67,1,6.0,0.0222,0,1,0,0,0,0,0,0,1,1,0,0.0,0,0,0,0,1,0,1,0,0,0,0,0,0,0,0,0,0,0,6,0.55,1,0,6,0,Designed database schema for inventory system
61,9,5.89,1,9.0,0.0164,0,0,0,0,1,1,0,0,0,0,1,0.1111,0,0,0,0,1,0,1,0,0,0,0,0,0,0,0,0,0,0,12,0.45,0,1,9,1,Assisted in reducing incidents by 39% without owning delivery
42,7,5.14,1,7.0,0.0238,0,0,0,0,0,0,0,0,0,0,0,0.0,0,0,0,1,1,0,0,0,1,0,0,0,0,0,0,0,0,0,7,0.15,0,0,7,0,Set up logging and monitoring for services
70,9,6.89,1,9.0,0.0429,0,1,0,0,0,0,0,0,1,1,0,0.0,0,0,0,1,1,0,1,0,0,0,0,1,0,1,0,0,0,1,9,0.55,1,0,9,1,Designed enterprise level solution using best practices and TensorFlow
58,8,6.38,1,8.0,0.0172,0,0,0,0,1,0,0,0,0,0,1,0.125,0,0,0,0,1,0,0,0,1,0,0,0,0,0,0,0,0,0,10,0.45,0,1,8,1,Responsible for analytics dashboard handling for 14 months
76,9,6.67,1,9.0,0.0263,0,1,0,0,1,1,0,0,1,1,0,0.1111,0,0,0,0,1,1,1,0,0,0,0,1,0,0,1,0,0,1,20,0.85,1,1,9,0,Reduced  analytics  dashboard  downtime  by  78%  through  Redis  monitoring
43,4,10.0,1,4.0,0.0233,0,1,0,0,0,0,0,0,1,1,0,0.0,0,0,0,0,1,0,0,0,1,0,0,0,0,0,0,0,0,0,4,0.46,1,0,4,1,Managed inventory tracking responsibilities
27,5,4.6,1,5.0,0.037,0,0,0,0,1,0,0,0,0,0,0,0.2,0,0,0,0,1,0,0,0,1,0,0,0,0,0,0,0,0,0,7,0.45,0,1,5,0,Scaled service to 50k users
55,7,7.0,1,7.0,0.1273,0,0,0,0,0,0,0,0,0,0,0,0.0,0,0,0,0,1,0,0,1,0,0,0,1,0,0,1,0,0,1,9,0.15,0,0,7,1,Applied best-in-class MongoDB solutions for API gateway
49,6,7.33,1,6.0,0.102,0,1,0,0,0,0,0,0,1,1,0,0.0,0,0,0,0,1,0,1,0,0,0,0,0,0,0,0,0,0,0,6,0.55,1,0,6,1,Implemented PostgreSQL solution for search engine
46,5,8.4,1,5.0,0.0435,0,1,0,0,0,0,0,0,1,1,0,0.0,0,0,0,0,1,0,0,1,0,0,0,1,0,0,0,1,0,1,5,0.55,1,0,5,1,Integrated Kubernetes with analytics dashboard
44,5,8.0,1,5.0,0.0227,0,0,0,0,0,0,0,0,0,0,0,0.0,0,0,0,0,1,0,0,0,1,0,0,0,0,0,0,0,0,0,6,0.15,0,0,5,1,Contributed to recommendation system efforts
61,9,5.89,1,9.0,0.0164,0,0,0,0,1,1,0,0,0,0,1,0.1111,0,0,0,0,1,0,1,0,0,0,0,0,0,0,0,0,0,0,12,0.45,0,1,9,1,Assisted in reducing incidents by 35% without owning delivery
38,4,8.75,1,4.0,0.0,0,1,0,0,0,0,0,0,1,1,0,0.0,0,0,0,0,1,0,0,1,0,0,0,0,0,0,0,0,0,0,4,0.46,1,0,4,1,managed search engine responsibilities
39,5,7.0,1,5.0,0.1282,0,1,0,0,0,0,0,0,1,1,0,0.0,0,0,0,0,1,0,1,0,0,0,0,0,0,0,0,0,0,0,5,0.55,1,0,5,0,Designed database schema for PostgreSQL
27,4,6.0,1,4.0,0.1481,0,1,0,0,0,0,0,0,1,1,0,0.0,0,0,0,0,1,0,0,0,1,0,0,1,0,0,0,1,0,1,5,0.46,1,0,4,0,Deployed application on AWS
30,4,6.75,1,4.0,0.0667,0,1,0,0,0,0,0,0,1,1,0,0.0,0,0,0,0,1,0,0,0,1,0,0,1,0,0,1,0,0,1,4,0.46,1,0,4,0,Implemented caching with Redis
41,5,7.4,1,5.0,0.0488,0,1,0,0,0,0,0,0,1,1,0,0.0,0,0,0,0,1,0,0,1,0,0,0,1,0,1,0,0,0,1,5,0.55,1,0,5,1,Integrated React with analytics dashboard
49,7,6.14,1,7.0,0.3265,0,1,0,0,0,0,0,0,1,1,0,0.0,0,0,0,1,1,0,0,0,1,0,0,2,0,1,0,0,1,2,8,0.55,1,0,7,1,Implemented REST API using FastAPI and PostgreSQL
46,6,6.83,1,6.0,0.0217,0,0,0,0,0,0,0,0,0,0,1,0.0,0,0,0,0,1,0,0,0,1,0,0,0,0,0,0,0,0,0,7,0.15,0,0,6,1,Worked on various analytics dashboard projects
63,10,5.4,1,10.0,0.0476,0,1,0,0,0,0,0,0,1,1,0,0.0,0,0,0,1,1,0,0,1,0,0,0,1,0,0,0,0,1,1,11,0.55,1,0,10,1,Developed AI powered system using machine learning and big data
27,5,4.6,1,5.0,0.037,0,0,0,0,1,0,0,0,0,0,0,0.2,0,0,0,0,1,0,0,0,1,0,0,0,0,0,0,0,0,0,7,0.45,0,1,5,0,Scaled service to 50k users
28,5,4.8,1,5.0,0.4286,0,1,0,0,0,0,0,0,1,1,0,0.0,0,0,0,0,1,0,0,0,1,0,0,2,0,1,0,0,1,2,6,0.55,1,0,5,0,Built REST API using FastAPI
37,4,8.5,1,4.0,0.0541,0,0,0,0,0,0,0,0,0,0,0,0.0,0,0,0,0,1,0,0,0,1,0,0,1,0,0,0,1,0,1,5,0.06,0,0,4,0,Containerized application with Docker
52,7,6.57,1,7.0,0.0769,0,1,0,0,0,0,0,0,1,1,0,0.0,0,0,0,1,1,1,0,0,1,0,0,0,0,0,0,0,0,0,7,0.55,1,0,7,1,Improved API reliability through logging and retries
67,8,7.5,1,8.0,0.0448,0,1,0,0,0,0,0,0,1,1,0,0.0,0,0,0,0,1,0,1,0,0,0,0,0,0,0,0,0,0,0,9,0.55,1,0,8,1,Implemented highly scalable platform leveraging modern DevOps tools
77,10,6.8,1,10.0,0.026,1,1,0,0,1,1,0,0,1,1,0,0.1,0,1,0,0,2,0,0,1,0,0,0,1,0,0,0,1,0,1,14,0.85,1,1,10,0,"Automated notification service using Kubernetes, cutting manual effort by 66%"
27,5,4.6,1,5.0,0.037,0,0,0,0,1,0,0,0,0,0,0,0.2,0,0,0,0,1,0,0,1,0,0,0,0,0,0,0,0,0,0,7,0.45,0,1,5,0,Scaled service to 50k users
44,8,4.62,1,8.0,0.0227,0,0,0,0,0,0,0,0,0,0,0,0.0,0,0,0,0,1,0,1,0,0,0,0,0,0,0,0,0,0,0,8,0.15,0,0,8,1,Part of the team working on order management
27,4,6.0,1,4.0,0.1481,0,1,0,0,0,0,0,0,1,1,0,0.0,0,0,0,0,1,0,1,0,0,0,0,1,0,0,0,1,0,1,5,0.46,1,0,4,0,Deployed application on AWS
42,7,5.14,1,7.0,0.0,0,0,0,0,0,0,0,0,0,0,0,0.0,0,0,0,1,1,0,0,0,1,0,0,0,0,0,0,0,0,0,7,0.15,0,0,7,0,set up logging and monitoring for services
71,10,6.2,1,10.0,0.0282,1,1,0,0,1,1,0,0,1,1,0,0.1,0,1,0,0,2,0,0,1,0,0,0,1,1,0,0,0,0,1,14,0.85,1,1,10,0,"Automated payment processing using Python, cutting manual effort by 55%"
78,12,5.58,1,12.0,0.0256,0,1,0,0,2,0,0,0,1,1,0,0.1667,0,0,0,0,1,0,0,1,0,0,0,1,0,1,0,0,0,1,14,0.85,1,1,12,0,Implemented Flask integration reducing deployment time from 15 days to 5 hours
39,5,7.0,1,5.0,0.1282,0,1,0,0,0,0,0,0,1,1,0,0.0,0,0,0,0,1,0,0,1,0,0,0,0,0,0,0,0,0,0,5,0.55,1,0,5,0,Designed database schema for PostgreSQL
47,4,11.0,1,4.0,0.0213,0,1,0,0,0,0,0,0,1,1,0,0.0,0,0,0,0,1,0,0,1,0,0,0,0,0,0,0,0,0,0,4,0.46,1,0,4,1,Managed authentication service responsibilities
58,7,7.43,1,7.0,0.0172,0,1,0,0,0,0,0,0,1,1,0,0.0,0,0,0,0,1,0,0,0,1,0,0,0,0,0,0,0,0,0,7,0.55,1,0,7,0,Designed normalized database schema for inventory tracking
43,5,7.8,1,5.0,0.093,0,1,0,0,0,0,0,0,1,1,0,0.0,0,0,0,0,1,0,1,0,0,0,0,1,1,0,0,0,0,1,6,0.55,1,0,5,0,Optimized SQL queries improving performance
77,10,6.8,1,10.0,0.013,0,1,0,0,0,0,0,0,1,1,0,0.0,0,0,0,1,1,0,0,1,0,0,0,0,0,0,0,0,0,0,10,0.55,1,0,10,0,Implemented retry logic and circuit breaker pattern in authentication service
36,5,6.4,1,5.0,0.0,0,0,0,0,0,0,0,0,0,0,0,0.0,0,0,0,0,1,0,1,0,0,0,0,0,0,0,0,0,0,0,6,0.15,0,0,5,1,contributed to search engine efforts
39,6,5.67,1,6.0,0.0256,0,0,0,0,1,1,0,0,0,0,0,0.1667,0,0,0,0,1,0,0,0,1,0,0,0,0,0,0,0,0,0,9,0.45,0,1,6,0,Wrote unit tests achieving 90% coverage
70,8,7.88,1,8.0,0.0286,0,1,0,0,0,0,0,0,1,1,0,0.0,0,0,0,0,1,0,0,1,0,0,0,0,0,0,0,0,0,0,9,0.55,1,0,8,0,Implemented event-driven architecture using Kafka for order management
39,5,7.0,1,5.0,0.1282,0,1,0,0,0,0,0,0,1,1,0,0.0,0,0,0,0,1,0,0,0,1,0,0,0,0,0,0,0,0,0,5,0.55,1,0,5,0,Designed database schema for PostgreSQL
67,9,6.56,1,9.0,0.0299,0,0,0,0,1,1,0,0,0,0,0,0.1111,0,0,0,0,1,0,0,1,0,0,0,1,0,1,0,0,0,1,12,0.45,0,1,9,0,Lowered payment processing downtime by 71% through Flask monitoring
56,9,5.33,1,9.0,0.1429,0,0,0,0,1,1,0,0,0,0,0,0.1111,0,0,0,0,1,0,0,1,0,0,0,1,0,1,0,0,0,1,13,0.45,0,1,9,0,Achieved 39% test coverage for API gateway using FastAPI
73,11,5.73,1,11.0,0.0274,0,0,0,0,2,0,0,0,0,0,0,0.1818,0,0,0,0,1,0,1,0,0,0,0,1,0,1,0,0,0,1,13,0.45,0,1,11,0,Scaled authentication service from 12 to 500 concurrent users using React
43,5,7.8,1,5.0,0.093,0,1,0,0,0,0,0,0,1,1,0,0.0,0,0,0,0,1,0,0,1,0,0,0,1,1,0,0,0,0,1,6,0.55,1,0,5,0,Optimized SQL queries improving performance
49,7,6.14,1,7.0,0.3265,0,1,0,0,0,0,0,0,1,1,0,0.0,0,0,0,1,1,0,1,0,0,0,0,2,0,1,0,0,1,2,8,0.55,1,0,7,1,Implemented REST API using FastAPI and PostgreSQL
22,4,4.75,1,4.0,0.0455,0,1,0,0,1,1,0,0,1,1,0,0.25,0,0,0,0,1,1,0,1,0,0,0,0,0,0,0,0,0,0,7,0.76,1,1,4,0,Reduced latency by 40%
65,10,5.6,1,10.0,0.0,0,0,0,0,1,0,0,0,0,0,1,0.1,0,0,0,0,1,0,0,0,1,0,0,0,0,0,0,0,0,0,12,0.45,0,1,10,1,worked on order management that processed 18+ requests per second
41,6,6.0,2,3.0,0.0732,1,1,0,0,0,0,0,0,1,1,0,0.0,0,0,0,1,1,0,0,0,1,0,0,1,0,1,0,0,0,1,7,0.55,1,0,6,0,Created dashboard with React and Chart.js
58,6,8.83,1,6.0,0.0517,0,1,0,0,0,0,0,0,1,1,0,0.0,0,0,0,0,1,0,0,0,1,0,0,1,0,1,0,0,0,1,6,0.55,1,0,6,0,Implemented TensorFlow solution for authentication service
44,5,8.0,1,5.0,0.0227,0,0,0,0,0,0,0,0,0,0,0,0.0,0,0,0,0,1,0,0,1,0,0,0,0,0,0,0,0,0,0,6,0.15,0,0,5,1,Contributed to recommendation system efforts
55,6,7.5,1,6.0,0.0364,0,1,0,0,0,0,0,0,1,1,0,0.0,0,0,0,0,1,0,0,1,0,0,0,1,0,1,0,0,0,1,11,0.55,1,0,6,0,Implemented  Django  solution  for  payment  processing
77,9,7.67,1,9.0,0.0649,0,1,0,0,0,0,0,0,1,1,0,0.0,0,0,0,1,1,0,0,0,1,0,0,0,0,0,0,0,0,0,9,0.55,1,0,9,1,Implemented distributed system using cloud native technologies and PostgreSQL
43,5,7.8,1,5.0,0.093,0,1,0,0,0,0,0,0,1,1,0,0.0,0,0,0,0,1,0,0,0,1,0,0,1,1,0,0,0,0,1,6,0.55,1,0,5,0,Optimized SQL queries improving performance
61,8,6.75,1,8.0,0.0,0,1,0,0,0,0,0,0,1,1,0,0.0,0,0,0,0,1,0,0,1,0,0,0,0,0,0,0,0,0,0,9,0.55,1,0,8,1,built highly scalable platform leveraging modern devops tools
65,9,6.33,1,9.0,0.0154,0,1,0,0,1,1,0,0,1,1,0,0.1111,0,0,0,0,1,0,1,0,0,0,0,0,0,0,0,0,0,0,12,0.85,1,1,9,0,Optimized order management queries improving response time by 47%
28,5,4.8,1,5.0,0.0357,0,1,0,0,1,0,0,1,1,1,0,0.2,0,0,0,0,1,1,1,0,0,0,0,0,0,0,0,0,0,0,7,0.85,1,1,5,0,Improved response time by 3x
39,6,5.67,1,6.0,0.0256,0,0,0,0,1,1,0,0,0,0,0,0.1667,0,0,0,0,1,0,0,1,0,0,0,0,0,0,0,0,0,0,9,0.45,0,1,6,0,Wrote unit tests achieving 90% coverage
70,11,5.45,1,11.0,0.0571,0,0,0,0,2,0,0,0,0,0,0,0.1818,0,0,0,0,1,0,1,0,0,0,0,1,0,0,0,1,0,1,13,0.45,0,1,11,0,Scaled authentication service from 5 to 300 concurrent users using AWS
97,16,5.12,1,16.0,0.0103,1,1,0,0,2,1,0,0,1,1,0,0.125,0,1,0,0,2,0,0,1,0,0,0,0,0,0,0,0,0,0,20,1.0,1,1,16,0,"Led a team of 4 engineers to redesign the authentication service, reducing processing time by 16%"
34,4,7.75,1,4.0,0.0588,0,1,0,0,0,0,0,0,1,1,0,0.0,0,0,0,0,1,0,1,0,0,0,0,1,0,0,0,1,0,1,5,0.46,1,0,4,0,Automated deployments using Docker
37,4,8.5,1,4.0,0.0541,0,0,0,0,0,0,0,0,0,0,0,0.0,0,0,0,0,1,0,0,0,1,0,0,1,0,0,0,1,0,1,5,0.06,0,0,4,0,Containerized application with Docker
71,11,5.55,1,11.0,0.0563,0,0,0,0,2,0,0,0,0,0,0,0.1818,0,0,0,0,1,0,0,0,1,0,0,1,0,0,0,1,0,1,13,0.45,0,1,11,0,Scaled authentication service from 18 to 200 concurrent users using AWS
62,8,6.88,1,8.0,0.0645,0,0,0,0,0,0,0,0,0,0,0,0.0,0,0,0,0,1,0,1,0,0,0,0,1,0,0,0,0,1,1,10,0.15,0,0,8,1,Leveraged agile methodologies to deliver API gateway solutions
67,9,6.56,1,9.0,0.0,0,1,0,0,0,0,0,0,1,1,0,0.0,0,0,0,1,1,0,1,0,0,0,0,1,0,0,1,0,0,1,10,0.55,1,0,9,1,designed enterprise level solution using best practices and mongodb
32,6,4.5,1,6.0,0.0,0,0,0,0,0,0,0,0,0,0,0,0.0,0,0,0,0,1,0,0,1,0,0,0,1,0,0,1,0,0,1,6,0.15,0,0,6,1,added redis caching layer to api
27,5,4.6,1,5.0,0.037,0,0,0,0,1,0,0,0,0,0,0,0.2,0,0,0,0,1,0,0,0,1,0,0,0,0,0,0,0,0,0,7,0.45,0,1,5,0,Scaled service to 50k users
41,6,6.0,2,3.0,0.0732,1,1,0,0,0,0,0,0,1,1,0,0.0,0,0,0,1,1,0,0,1,0,0,0,1,0,1,0,0,0,1,7,0.55,1,0,6,1,Created dashboard with React and Chart.js
55,9,5.22,1,9.0,0.0727,0,0,0,0,1,0,0,0,0,0,0,0.1111,0,0,0,0,1,0,1,0,0,0,0,0,0,0,0,0,0,0,10,0.45,0,1,9,1,Supported migration of API gateway completed in 8 weeks
43,6,6.33,1,6.0,0.0233,0,1,0,0,0,0,0,0,1,1,0,0.0,0,0,0,0,1,0,1,0,0,0,0,1,0,0,0,0,1,1,7,0.55,1,0,6,0,Built alerting for data pipeline automation
46,6,6.83,1,6.0,0.0217,0,1,0,0,0,0,0,0,1,1,0,0.0,0,0,0,0,1,0,0,1,0,0,0,0,0,0,0,0,0,0,6,0.55,1,0,6,1,Built internal tools for deployment automation
42,6,6.17,2,3.0,0.0714,1,1,0,0,0,0,0,0,1,1,0,0.0,0,0,0,1,1,0,1,0,0,0,0,1,0,1,0,0,0,1,7,0.55,1,0,6,1,Created dashboard using React and Chart.js
92,16,4.81,1,16.0,0.0109,1,0,0,0,2,1,0,0,0,0,0,0.125,0,1,0,0,2,0,0,1,0,0,0,0,0,0,0,0,0,0,22,0.6,0,1,16,0,"Oversaw a team of 9 engineers to redesign the search engine, reducing processing time by 30%"
45,6,6.67,1,6.0,0.0222,0,1,0,0,0,0,0,0,1,1,0,0.0,0,0,0,0,1,0,0,1,0,0,0,0,0,0,0,0,0,0,6,0.55,1,0,6,1,Designed database schema for inventory system
42,7,5.14,1,7.0,0.0238,0,0,0,0,0,0,0,0,0,0,0,0.0,0,0,0,1,1,0,0,1,0,0,0,0,0,0,0,0,0,0,7,0.15,0,0,7,1,Set up logging and monitoring for services
59,5,11.0,1,5.0,0.0169,0,0,0,0,0,0,0,0,0,0,0,0.0,0,0,0,0,1,0,1,0,0,0,0,0,0,0,0,0,0,0,8,0.15,0,0,5,0,Refactored authentication service improving maintainability
61,8,6.75,1,8.0,0.0492,0,1,0,0,0,0,0,0,1,1,0,0.0,0,0,0,0,1,0,0,0,1,0,0,0,0,0,0,0,0,0,9,0.55,1,0,8,1,Built highly scalable platform leveraging modern DevOps tools
52,6,7.0,1,6.0,0.0,0,1,0,0,1,0,0,0,1,1,0,0.1667,0,0,0,1,1,0,0,1,0,0,0,0,0,0,0,0,0,0,12,0.85,1,1,6,0,implemented  authentication  using  jwt  and  oauth2
63,10,5.4,1,10.0,0.0,0,1,0,0,0,0,0,0,1,1,0,0.0,0,0,0,1,1,0,0,1,0,0,0,1,0,0,0,0,1,1,11,0.55,1,0,10,1,developed ai powered system using machine learning and big data
37,4,8.5,1,4.0,0.0541,0,0,0,0,0,0,0,0,0,0,0,0.0,0,0,0,0,1,0,0,0,1,0,0,1,0,0,0,1,0,1,5,0.06,0,0,4,0,Containerized application with Docker
49,8,5.25,1,8.0,0.0204,1,0,0,0,2,0,0,0,0,0,0,0.25,0,1,0,0,2,0,0,1,0,0,0,1,0,0,0,0,1,1,12,0.45,0,1,8,1,"Helped maintain data pipeline used by 3,000 users"
30,4,6.75,1,4.0,0.0667,0,1,0,0,0,0,0,0,1,1,0,0.0,0,0,0,0,1,0,0,0,1,0,0,1,0,0,1,0,0,1,4,0.46,1,0,4,0,Implemented caching with Redis
61,7,7.86,1,7.0,0.0164,0,1,0,0,0,0,0,0,1,1,0,0.0,0,0,0,0,1,0,0,0,1,0,0,0,0,0,0,0,0,0,7,0.55,1,0,7,0,Designed normalized database schema for recommendation system
60,7,7.71,1,7.0,0.0333,0,0,0,0,0,0,0,0,0,0,0,0.0,0,0,0,0,1,0,0,0,1,0,0,2,0,0,0,1,1,2,9,0.15,0,0,7,1,Applied best-in-class Kubernetes solutions for data pipeline
36,5,6.4,1,5.0,0.0,0,0,0,0,0,0,0,0,0,0,1,0.0,0,0,0,0,1,0,0,1,0,0,0,1,1,0,0,0,0,1,7,0.15,0,0,5,1,helped with typescript related tasks
66,8,7.38,1,8.0,0.0909,0,0,0,0,0,0,0,0,0,0,0,0.0,0,0,0,1,1,0,0,0,1,0,0,1,0,0,0,1,0,1,9,0.15,0,0,8,1,Utilized cutting edge technologies including Docker and PostgreSQL
57,7,7.29,1,7.0,0.0,0,1,0,0,0,0,0,0,1,1,0,0.0,0,0,0,0,1,0,0,1,0,0,0,0,0,0,0,0,0,0,7,0.55,1,0,7,0,created reusable component library for frontend dashboard
52,8,5.62,1,8.0,0.0192,0,0,0,0,1,0,0,0,0,0,0,0.125,0,0,0,0,1,0,1,0,0,0,0,0,0,0,0,0,0,0,11,0.45,0,1,8,1,Helped maintain order management used by 20000 users
43,7,5.29,1,7.0,0.1163,0,0,0,0,0,0,0,0,0,0,0,0.0,0,0,0,0,1,0,0,0,1,0,0,1,0,1,0,0,0,1,7,0.15,0,0,7,1,Added React support to existing API gateway
27,5,4.6,1,5.0,0.037,0,0,0,0,1,0,0,0,0,0,0,0.2,0,0,0,0,1,0,0,1,0,0,0,0,0,0,0,0,0,0,7,0.45,0,1,5,0,Scaled service to 50k users
61,7,7.86,1,7.0,0.0164,0,1,0,0,0,0,0,0,1,1,0,0.0,0,0,0,0,1,0,0,0,1,0,0,0,0,0,0,0,0,0,7,0.55,1,0,7,0,Designed normalized database schema for recommendation system
33,5,5.8,1,5.0,0.0,0,0,0,0,0,0,0,0,0,0,1,0.0,0,0,0,0,1,0,0,1,0,0,0,1,0,0,1,0,0,1,6,0.15,0,0,5,1,helped with mongodb related tasks
74,8,7.5,1,8.0,0.0405,0,1,0,0,0,0,0,0,1,1,0,0.0,0,0,0,0,1,0,0,0,1,0,0,0,0,0,0,0,0,0,16,0.55,1,0,8,1,Implemented  highly  scalable  platform  leveraging  modern  DevOps  tools
22,4,4.75,1,4.0,0.0455,0,1,0,0,1,1,0,0,1,1,0,0.25,0,0,0,0,1,1,1,0,0,0,0,0,0,0,0,0,0,0,7,0.76,1,1,4,0,Reduced latency by 40%
61,9,5.89,1,9.0,0.0656,0,0,0,0,1,1,0,0,0,0,0,0.1111,0,0,0,0,1,0,0,0,1,0,0,1,0,0,0,1,0,1,12,0.45,0,1,9,0,Achieved 33% test coverage for notification service using AWS
69,11,5.36,1,11.0,0.087,0,0,0,0,0,0,0,0,1,0,0,0.0,0,0,0,0,1,0,0,1,0,0,0,1,0,0,0,1,0,1,11,0.55,1,0,11,0,Set up automated CI pipeline with GitHub Actions for order management
34,4,7.75,1,4.0,0.0588,0,1,0,0,0,0,0,0,1,1,0,0.0,0,0,0,0,1,0,0,0,1,0,0,1,0,0,0,1,0,1,5,0.46,1,0,4,0,Automated deployments using Docker
78,10,6.9,1,10.0,0.0256,0,0,0,0,1,1,0,0,0,0,0,0.1,0,0,0,0,1,0,1,0,0,0,0,1,0,0,0,1,0,1,13,0.45,0,1,10,0,Migrated inventory tracking to Kubernetes reducing infrastructure costs by 51%
57,7,7.29,1,7.0,0.0175,0,1,0,0,0,0,0,0,1,1,0,0.0,0,0,0,0,1,0,0,0,1,0,0,0,0,0,0,0,0,0,7,0.55,1,0,7,0,Created reusable component library for frontend dashboard
63,10,5.4,1,10.0,0.0476,0,1,0,0,0,0,0,0,1,1,0,0.0,0,0,0,1,1,0,0,1,0,0,0,1,0,0,0,0,1,1,11,0.55,1,0,10,1,Developed AI powered system using machine learning and big data
34,4,7.75,1,4.0,0.0588,0,1,0,0,0,0,0,0,1,1,0,0.0,0,0,0,0,1,0,1,0,0,0,0,1,0,0,0,1,0,1,5,0.46,1,0,4,0,Automated deployments using Docker
49,5,9.0,1,5.0,0.0204,0,0,0,0,0,0,0,0,0,0,0,0.0,0,0,0,0,1,0,1,0,0,0,0,1,0,0,0,0,1,1,7,0.15,0,0,5,1,Contributed to microservices migration initiative
45,5,8.2,1,5.0,0.0222,0,0,0,0,0,0,0,0,0,0,0,0.0,0,0,0,0,1,0,0,1,0,0,0,0,0,0,0,0,0,0,6,0.15,0,0,5,1,Contributed to authentication service efforts
54,6,8.17,1,6.0,0.0185,0,0,0,0,0,0,0,0,0,0,0,0.0,0,0,0,0,1,0,0,1,0,0,0,1,0,0,0,0,1,1,7,0.15,0,0,6,0,Introduced structured logging across all microservices
58,6,8.83,1,6.0,0.0517,0,1,0,0,0,0,0,0,1,1,0,0.0,0,0,0,0,1,0,0,0,1,0,0,0,0,0,0,0,0,0,9,0.55,1,0,6,0,Implemented real-time notification service with WebSockets
61,9,5.89,1,9.0,0.0164,0,0,0,0,1,1,0,0,0,0,1,0.1111,0,0,0,0,1,0,0,1,0,0,0,0,0,0,0,0,0,0,12,0.45,0,1,9,1,Assisted in reducing incidents by 54% without owning delivery
39,6,5.67,1,6.0,0.0256,0,0,0,0,1,1,0,0,0,0,0,0.1667,0,0,0,0,1,0,0,0,1,0,0,0,0,0,0,0,0,0,9,0.45,0,1,6,0,Wrote unit tests achieving 90% coverage
71,11,5.55,1,11.0,0.0845,0,0,0,0,0,0,0,0,1,0,0,0.0,0,0,0,0,1,0,1,0,0,0,0,1,0,0,0,1,0,1,11,0.55,1,0,11,0,Set up automated CI pipeline with GitHub Actions for payment processing
83,10,7.4,1,10.0,0.0361,1,0,0,0,1,1,0,0,0,0,0,0.1,0,1,0,0,2,0,0,1,0,0,0,1,1,0,0,0,0,1,14,0.45,0,1,10,0,"Migrated authentication service to TypeScript, reducing infrastructure costs by 44%"
62,8,6.88,1,8.0,0.0968,0,1,0,0,0,0,0,0,1,1,0,0.0,0,0,0,1,1,0,1,0,0,0,0,2,0,1,0,1,0,2,9,0.55,1,0,8,0,Created inventory tracking module using Kubernetes and FastAPI
57,8,5.38,1,8.0,0.0175,0,0,0,0,0,0,0,0,0,0,0,0.0,0,0,0,0,1,0,1,0,0,0,0,0,0,0,0,0,0,0,15,0.15,0,0,8,1,Part  of  the  team  working  on  authentication  service
76,10,6.7,1,10.0,0.0132,0,1,0,0,0,0,0,0,1,1,0,0.0,0,0,0,1,1,0,0,0,1,0,0,0,0,0,0,0,0,0,10,0.55,1,0,10,0,Implemented retry logic and circuit breaker pattern in recommendation system
42,7,5.14,1,7.0,0.0476,0,0,0,0,0,0,0,0,0,0,0,0.0,0,0,0,0,1,0,0,1,0,0,0,2,0,0,1,0,1,2,7,0.15,0,0,7,1,Updated data pipeline backend to use Redis
27,5,4.6,1,5.0,0.037,0,0,0,0,1,0,0,0,0,0,0,0.2,0,0,0,0,1,0,1,0,0,0,0,0,0,0,0,0,0,0,7,0.45,0,1,5,0,Scaled service to 50k users
32,4,7.25,1,4.0,0.0625,0,0,0,0,0,0,0,0,0,0,1,0.0,0,0,0,0,1,0,0,0,1,0,0,1,0,0,1,0,0,1,5,0.06,0,0,4,1,Involved in Redis implementation
55,8,6.0,1,8.0,0.0909,0,1,0,0,0,0,0,0,1,1,0,0.0,0,0,0,0,1,0,1,0,0,0,0,3,0,1,0,0,1,2,11,0.55,1,0,8,0,Architected data pipeline for ETL processing with React
62,7,8.0,1,7.0,0.0323,0,0,0,0,0,0,0,0,0,0,0,0.0,0,0,0,0,1,0,0,0,1,0,0,1,0,1,0,0,0,1,9,0.15,0,0,7,1,Applied best-in-class Flask solutions for notification service
57,9,5.44,1,9.0,0.1579,1,1,0,0,2,0,0,0,1,1,0,0.2222,0,1,0,0,2,0,0,0,1,0,0,2,0,1,0,0,1,2,13,0.85,1,1,9,0,"Developed REST APIs serving 5,000 daily users using Flask"
51,8,5.5,1,8.0,0.0,0,0,0,0,1,0,0,0,0,0,0,0.125,0,0,0,0,1,0,0,1,0,0,0,0,0,0,0,0,0,0,11,0.45,0,1,8,1,helped maintain order management used by 5000 users
33,5,5.8,2,2.5,0.0606,1,0,0,0,0,0,0,0,0,0,1,0.0,0,0,0,0,1,0,0,0,1,0,0,0,0,0,0,0,0,0,7,0.15,0,0,5,1,Helped with Node.js related tasks
64,8,7.12,1,8.0,0.0156,0,0,0,0,0,0,0,0,0,0,0,0.0,0,0,0,0,1,0,0,1,0,0,0,2,0,0,0,0,1,1,10,0.15,0,0,8,1,Leveraged agile methodologies to deliver data pipeline solutions
36,4,7.5,1,4.0,0.0278,0,0,0,0,0,0,0,0,0,0,0,0.0,0,0,0,0,1,0,0,1,0,0,0,0,0,0,0,0,0,0,7,0.06,0,0,4,1,Handled  inventory  tracking  duties
66,10,5.7,1,10.0,0.0152,0,0,0,0,1,0,0,0,0,0,1,0.1,0,0,0,0,1,0,0,1,0,0,0,0,0,0,0,0,0,0,13,0.45,0,1,10,1,Worked on inventory tracking that processed 5+ requests per second
57,8,6.25,1,8.0,0.0175,1,0,0,0,2,0,0,0,0,0,0,0.25,0,1,0,0,2,0,0,1,0,0,0,0,0,0,0,0,0,0,12,0.45,0,1,8,1,"Helped maintain notification service used by 12,000 users"
43,5,7.8,1,5.0,0.093,0,1,0,0,0,0,0,0,1,1,0,0.0,0,0,0,0,1,0,0,1,0,0,0,1,1,0,0,0,0,1,6,0.55,1,0,5,0,Optimized SQL queries improving performance
27,5,4.6,1,5.0,0.037,0,0,0,0,1,0,0,0,0,0,0,0.2,0,0,0,0,1,0,0,0,1,0,0,0,0,0,0,0,0,0,7,0.45,0,1,5,0,Scaled service to 50k users
63,9,6.11,1,9.0,0.1587,1,1,0,0,2,0,0,0,1,1,0,0.2222,0,1,0,0,2,0,1,0,0,0,0,2,1,0,0,0,1,2,13,0.85,1,1,9,0,"Developed REST APIs serving 20,000 daily users using TypeScript"
63,9,6.11,1,9.0,0.0159,0,0,0,0,1,0,0,0,0,0,0,0.1111,0,0,0,0,1,0,1,0,0,0,0,0,0,0,0,0,0,0,10,0.45,0,1,9,1,Supported migration of analytics dashboard completed in 6 weeks
62,8,6.88,1,8.0,0.0968,0,0,0,0,0,0,0,0,0,0,0,0.0,0,0,0,1,1,0,0,0,1,0,0,2,0,1,1,0,0,2,10,0.15,0,0,8,1,Utilized cutting edge technologies including FastAPI and Redis
73,11,5.73,1,11.0,0.0411,0,1,0,0,1,0,0,0,1,1,0,0.0909,0,0,0,0,1,0,0,0,1,0,0,1,0,1,0,0,0,1,13,0.85,1,1,11,0,Built a search engine processing 16+ requests per second using TensorFlow
43,7,5.29,1,7.0,0.093,0,0,0,0,0,0,0,0,0,0,0,0.0,0,0,0,0,1,0,1,0,0,0,0,2,0,0,0,1,1,2,7,0.15,0,0,7,0,Added AWS support to existing data pipeline
49,7,6.14,1,7.0,0.3265,0,1,0,0,0,0,0,0,1,1,0,0.0,0,0,0,1,1,0,0,0,1,0,0,2,0,1,0,0,1,2,8,0.55,1,0,7,1,Implemented REST API using FastAPI and PostgreSQL
54,6,8.17,1,6.0,0.0,0,0,0,0,0,0,0,0,0,0,0,0.0,0,0,0,0,1,0,0,0,1,0,0,1,0,0,0,0,1,1,8,0.15,0,0,6,0,introduced structured logging across all microservices
46,5,7.6,1,5.0,0.0,0,0,0,0,0,0,0,0,0,0,0,0.0,0,0,0,0,1,0,0,0,1,0,0,0,0,0,0,0,0,0,10,0.15,0,0,5,1,tasked  with  analytics  dashboard  operations
61,8,6.75,1,8.0,0.0492,0,0,0,0,0,0,0,0,0,0,0,0.0,0,0,0,1,1,0,0,0,1,0,0,2,0,0,1,1,0,2,9,0.15,0,0,8,1,Utilized cutting edge technologies including Docker and Redis
55,7,7.0,1,7.0,0.0182,0,1,0,0,0,0,0,0,1,1,0,0.0,0,0,0,0,1,0,1,0,0,0,0,1,0,0,0,0,1,1,8,0.55,1,0,7,0,Implemented role-based access control for data pipeline
27,4,6.0,1,4.0,0.1481,0,1,0,0,0,0,0,0,1,1,0,0.0,0,0,0,0,1,0,0,1,0,0,0,1,0,0,0,1,0,1,5,0.46,1,0,4,0,Deployed application on AWS
34,4,7.75,1,4.0,0.0588,0,1,0,0,0,0,0,0,1,1,0,0.0,0,0,0,0,1,0,1,0,0,0,0,1,0,0,0,1,0,1,5,0.46,1,0,4,0,Automated deployments using Docker
28,5,4.8,1,5.0,0.4286,0,1,0,0,0,0,0,0,1,1,0,0.0,0,0,0,0,1,0,0,0,1,0,0,2,0,1,0,0,1,2,6,0.55,1,0,5,0,Built REST API using FastAPI
44,8,4.62,1,8.0,0.0227,0,0,0,0,0,0,0,0,0,0,0,0.0,0,0,0,0,1,0,1,0,0,0,0,0,0,0,0,0,0,0,8,0.15,0,0,8,1,Part of the team working on order management
22,4,4.75,1,4.0,0.0455,0,1,0,0,1,1,0,0,1,1,0,0.25,0,0,0,0,1,1,0,0,1,0,0,0,0,0,0,0,0,0,7,0.76,1,1,4,0,Reduced latency by 40%
45,6,6.67,1,6.0,0.0889,0,1,0,0,0,0,0,0,1,1,0,0.0,0,0,0,0,1,0,0,1,0,0,0,0,0,0,0,0,0,0,6,0.55,1,0,6,0,Built authentication service using JWT tokens
70,9,6.89,2,4.5,0.0429,1,0,0,0,0,0,0,0,0,0,1,0.0,0,0,0,1,1,0,0,0,1,0,0,2,0,0,0,1,1,2,12,0.15,0,0,9,1,Worked on scalable microservices architecture using Node.js and Docker
81,11,6.45,1,11.0,0.037,0,1,0,0,1,0,0,0,1,1,0,0.0909,0,0,0,0,1,0,0,0,1,0,0,1,1,0,0,0,0,1,13,0.85,1,1,11,0,Built a authentication service processing 4+ requests per second using TypeScript
48,7,6.0,1,7.0,0.0208,0,0,0,0,0,0,0,0,0,0,0,0.0,0,0,0,0,1,0,1,0,0,0,0,0,0,0,0,0,0,0,7,0.15,0,0,7,1,Supported the team with analytics dashboard work
42,7,5.14,1,7.0,0.0,0,0,0,0,0,0,0,0,0,0,0,0.0,0,0,0,0,1,0,1,0,0,0,0,1,0,0,0,0,1,1,7,0.15,0,0,7,1,supported the team with data pipeline work
62,9,6.0,2,4.5,0.0,1,1,0,0,1,1,0,0,1,1,0,0.1111,0,0,0,0,1,1,0,0,1,0,0,0,0,0,0,0,0,0,13,0.85,1,1,9,0,reduced api gateway downtime by 70% through node.js monitoring
46,4,10.75,1,4.0,0.0217,0,1,0,0,0,0,0,0,1,1,0,0.0,0,0,0,0,1,0,1,0,0,0,0,0,0,0,0,0,0,0,4,0.46,1,0,4,1,Managed recommendation system responsibilities
78,11,6.18,1,11.0,0.0385,0,1,0,0,1,0,0,0,1,1,0,0.0909,0,0,0,0,1,0,1,0,0,0,0,1,0,1,0,0,0,1,13,0.85,1,1,11,0,Built a inventory tracking processing 15+ requests per second using TensorFlow
22,4,4.75,1,4.0,0.0455,0,1,0,0,1,1,0,0,1,1,0,0.25,0,0,0,0,1,1,0,1,0,0,0,0,0,0,0,0,0,0,7,0.76,1,1,4,0,Reduced latency by 40%
42,5,7.6,1,5.0,0.0238,0,1,0,0,0,0,0,0,1,1,0,0.0,0,0,0,0,1,0,1,0,0,0,0,0,0,0,0,0,0,0,6,0.55,1,0,5,1,Created dashboards for operational metrics
28,5,4.8,1,5.0,0.4286,0,1,0,0,0,0,0,0,1,1,0,0.0,0,0,0,0,1,0,1,0,0,0,0,2,0,1,0,0,1,2,6,0.55,1,0,5,0,Built REST API using FastAPI
59,6,8.17,1,6.0,0.0169,0,0,0,0,0,0,0,0,0,0,0,0.0,0,0,0,0,1,0,1,0,0,0,0,1,0,0,0,0,1,1,12,0.15,0,0,6,0,Introduced  structured  logging  across  all  microservices
58,9,5.56,1,9.0,0.0172,0,0,0,0,1,0,0,0,0,0,0,0.1111,0,0,0,0,1,0,0,0,1,0,0,1,0,0,0,0,1,1,10,0.45,0,1,9,1,Supported migration of data pipeline completed in 11 weeks
67,8,7.5,1,8.0,0.0,0,1,0,0,0,0,0,0,1,1,0,0.0,0,0,0,0,1,0,0,0,1,0,0,1,0,0,0,0,1,1,9,0.55,1,0,8,0,implemented event-driven architecture using kafka for data pipeline
65,10,5.6,1,10.0,0.1077,1,1,0,0,1,1,0,0,1,1,0,0.1,0,1,0,0,2,0,1,0,0,0,0,1,0,0,1,0,0,1,14,0.85,1,1,10,0,"Automated API gateway using MongoDB, cutting manual effort by 63%"
49,5,9.0,1,5.0,0.0204,0,0,0,0,0,0,0,0,0,0,0,0.0,0,0,0,0,1,0,1,0,0,0,0,1,0,0,0,0,1,1,7,0.15,0,0,5,0,Contributed to microservices migration initiative
48,5,8.8,1,5.0,0.0,0,0,0,0,0,0,0,0,0,0,0,0.0,0,0,0,0,1,0,0,0,1,0,0,0,0,0,0,0,0,0,7,0.15,0,0,5,1,participated in recommendation system activities
72,9,7.11,1,9.0,0.0278,0,1,0,0,0,0,0,0,1,1,0,0.0,0,0,0,1,1,0,0,0,1,0,0,1,0,1,0,0,0,1,9,0.55,1,0,9,1,Implemented distributed system using cloud native technologies and React
27,5,4.6,1,5.0,0.037,0,0,0,0,1,0,0,0,0,0,0,0.2,0,0,0,0,1,0,1,0,0,0,0,0,0,0,0,0,0,0,7,0.45,0,1,5,0,Scaled service to 50k users
80,10,6.2,1,10.0,0.0125,0,1,0,0,0,0,0,0,1,1,0,0.0,0,0,0,1,1,0,0,0,1,0,0,0,0,0,0,0,0,0,19,0.55,1,0,10,0,Implemented  retry  logic  and  circuit  breaker  pattern  in  order  management
83,12,6.0,1,12.0,0.0361,0,1,0,0,2,0,0,0,1,1,0,0.1667,0,0,0,0,1,0,0,1,0,0,0,1,1,0,0,0,0,1,14,0.85,1,1,12,0,Implemented TypeScript integration reducing deployment time from 11 days to 1 hours
69,9,6.78,1,9.0,0.029,0,0,0,0,1,1,0,0,0,0,0,0.1111,0,0,0,0,1,0,1,0,0,0,0,1,0,1,0,0,0,1,12,0.45,0,1,9,0,Decreased inventory tracking downtime by 70% through React monitoring
69,9,5.89,1,9.0,0.0145,0,0,0,0,1,1,0,0,0,0,0,0.1111,0,0,0,0,1,0,1,0,0,0,0,0,0,0,0,0,0,0,20,0.45,0,1,9,1,Assisted  in  reducing  incidents  by  45%  without  owning  delivery
28,5,4.8,1,5.0,0.0357,0,1,0,0,1,0,0,1,1,1,0,0.2,0,0,0,0,1,1,0,1,0,0,0,0,0,0,0,0,0,0,7,0.85,1,1,5,0,Improved response time by 3x
47,5,8.6,1,5.0,0.0,0,0,0,0,0,0,0,0,0,0,0,0.0,0,0,0,0,1,0,1,0,0,0,0,0,0,0,0,0,0,0,7,0.15,0,0,5,1,participated in notification service activities
37,4,8.5,1,4.0,0.0811,0,0,0,0,0,0,0,0,0,0,1,0.0,0,0,0,0,1,0,1,0,0,0,0,1,1,0,0,0,0,1,5,0.06,0,0,4,1,Involved in TypeScript implementation
34,4,7.75,1,4.0,0.0588,0,1,0,0,0,0,0,0,1,1,0,0.0,0,0,0,0,1,0,0,0,1,0,0,1,0,0,0,1,0,1,5,0.46,1,0,4,0,Automated deployments using Docker
56,7,7.14,1,7.0,0.0536,0,0,0,0,0,0,0,0,0,0,0,0.0,0,0,0,0,1,0,1,0,0,0,0,1,1,0,0,0,0,1,7,0.15,0,0,7,0,Added TypeScript support to existing analytics dashboard
50,5,9.2,1,5.0,0.02,0,0,0,0,0,0,0,0,0,0,1,0.0,0,0,0,0,1,0,0,1,0,0,0,0,0,0,0,0,0,0,6,0.15,0,0,5,1,Responsible for authentication service maintenance
37,4,8.5,1,4.0,0.0541,0,0,0,0,0,0,0,0,0,0,0,0.0,0,0,0,0,1,0,1,0,0,0,0,1,0,0,0,1,0,1,5,0.06,0,0,4,0,Containerized application with Docker
65,10,5.6,1,10.0,0.0308,1,1,0,0,1,1,0,0,1,1,0,0.1,0,1,0,0,2,0,0,0,1,0,0,2,0,1,0,0,1,2,14,0.85,1,1,10,0,"Automated data pipeline using Flask, cutting manual effort by 45%"
44,8,4.62,1,8.0,0.0227,0,0,0,0,0,0,0,0,0,0,0,0.0,0,0,0,0,1,0,0,0,1,0,0,0,0,0,0,0,0,0,8,0.15,0,0,8,1,Part of the team working on order management
62,9,6.0,1,9.0,0.0968,0,1,0,0,0,0,0,0,1,1,0,0.0,0,0,0,1,1,0,0,0,1,0,0,2,0,1,0,0,0,1,12,0.55,1,0,9,1,Developed a full-stack web application using React and FastAPI
42,7,5.14,1,7.0,0.0238,0,0,0,0,0,0,0,0,0,0,0,0.0,0,0,0,1,1,0,0,0,1,0,0,0,0,0,0,0,0,0,7,0.15,0,0,7,0,Set up logging and monitoring for services
66,9,6.44,1,9.0,0.0152,0,0,0,0,1,1,0,0,0,0,1,0.1111,0,0,0,0,1,0,0,1,0,0,0,0,0,0,0,0,0,0,12,0.45,0,1,9,1,Involved in monitoring authentication service with 4% uptime goals
94,11,6.73,1,11.0,0.0319,0,1,0,0,1,0,0,0,1,1,0,0.0909,0,0,0,0,1,0,0,0,1,0,0,1,1,0,0,0,0,1,23,0.85,1,1,11,0,Created  a  authentication  service  processing  18+  requests  per  second  using  TypeScript
28,5,4.8,1,5.0,0.0357,0,1,0,0,1,0,0,1,1,1,0,0.2,0,0,0,0,1,1,0,1,0,0,0,0,0,0,0,0,0,0,7,0.85,1,1,5,0,Improved response time by 3x
66,9,6.44,1,9.0,0.0152,0,0,0,0,1,1,0,0,0,0,1,0.1111,0,0,0,0,1,0,0,0,1,0,0,0,0,0,0,0,0,0,12,0.45,0,1,9,1,Involved in monitoring recommendation system with 19% uptime goals
73,8,8.25,1,8.0,0.0137,0,0,0,0,0,0,0,0,0,0,0,0.0,0,0,0,0,1,0,0,1,0,0,0,1,0,0,0,0,1,1,10,0.15,0,0,8,1,Leveraged agile methodologies to deliver authentication service solutions
39,5,7.0,1,5.0,0.1282,0,1,0,0,0,0,0,0,1,1,0,0.0,0,0,0,0,1,0,0,0,1,0,0,0,0,0,0,0,0,0,5,0.55,1,0,5,0,Designed database schema for PostgreSQL
50,8,5.38,1,8.0,0.02,0,0,0,0,0,0,0,0,0,0,0,0.0,0,0,0,0,1,0,0,1,0,0,0,0,0,0,0,0,0,0,8,0.15,0,0,8,1,Part of the team working on authentication service
27,5,4.6,1,5.0,0.037,0,0,0,0,1,0,0,0,0,0,0,0.2,0,0,0,0,1,0,0,0,1,0,0,0,0,0,0,0,0,0,7,0.45,0,1,5,0,Scaled service to 50k users
67,9,6.56,1,9.0,0.0149,0,0,0,0,1,0,0,0,0,0,0,0.1111,0,0,0,0,1,0,1,0,0,0,0,0,0,0,0,0,0,0,10,0.45,0,1,9,1,Supported migration of authentication service completed in 12 weeks
55,8,6.0,1,8.0,0.0909,0,1,0,0,0,0,0,0,1,1,0,0.0,0,0,0,1,1,0,1,0,0,0,0,2,0,0,1,1,0,2,8,0.55,1,0,8,0,Created notification service module using AWS and Redis
33,4,7.5,1,4.0,0.0606,0,1,0,0,0,0,0,0,1,1,0,0.0,0,0,0,0,1,0,0,1,0,0,0,0,0,0,0,0,0,0,4,0.46,1,0,4,1,Integrated Stripe payment gateway
64,8,7.12,1,8.0,0.0312,0,1,0,0,0,0,0,0,1,1,0,0.0,0,0,0,0,1,0,0,0,1,0,0,1,0,0,1,0,0,1,8,0.55,1,0,8,0,Implemented caching layer using Redis for authentication service
62,9,6.0,1,9.0,0.0,1,1,0,0,2,0,0,0,1,1,0,0.2222,0,1,0,0,2,0,0,1,0,0,0,2,0,0,0,1,1,2,14,0.85,1,1,9,0,"developed rest apis serving 5,000 daily users using kubernetes"
74,11,5.82,2,5.5,0.027,1,1,0,0,1,0,0,0,1,1,0,0.0909,0,0,0,0,1,0,1,0,0,0,0,0,0,0,0,0,0,0,14,0.85,1,1,11,0,Built a payment processing processing 12+ requests per second with Node.js
28,5,4.8,1,5.0,0.0357,0,1,0,0,1,0,0,1,1,1,0,0.2,0,0,0,0,1,1,1,0,0,0,0,0,0,0,0,0,0,0,7,0.85,1,1,5,0,Improved response time by 3x
74,9,6.44,1,9.0,0.0135,0,0,0,0,1,0,0,0,0,0,0,0.1111,0,0,0,0,1,0,0,0,1,0,0,0,0,0,0,0,0,0,18,0.45,0,1,9,1,Supported  migration  of  authentication  service  completed  in  8  weeks
30,4,6.75,1,4.0,0.0667,0,1,0,0,0,0,0,0,1,1,0,0.0,0,0,0,0,1,0,0,1,0,0,0,1,0,0,1,0,0,1,4,0.46,1,0,4,0,Implemented caching with Redis
30,4,6.75,1,4.0,0.0667,0,1,0,0,0,0,0,0,1,1,0,0.0,0,0,0,0,1,0,0,0,1,0,0,1,0,0,1,0,0,1,4,0.46,1,0,4,0,Implemented caching with Redis
65,11,5.0,1,11.0,0.0769,0,0,0,0,2,0,0,0,0,0,0,0.1818,0,0,0,0,1,0,0,0,1,0,0,2,0,1,0,0,1,2,14,0.45,0,1,11,0,Scaled data pipeline from 9 to 500 concurrent users using FastAPI
57,9,5.44,1,9.0,0.0175,0,0,0,0,1,0,0,0,0,0,0,0.1111,0,0,0,0,1,0,0,0,1,0,0,1,0,0,0,0,1,1,10,0.45,0,1,9,1,Supported migration of data pipeline completed in 8 weeks
73,6,10.5,1,6.0,0.0137,0,1,0,0,0,0,0,0,1,1,0,0.0,0,0,0,0,1,0,1,0,0,0,0,0,0,0,0,0,0,0,14,0.55,1,0,6,1,Spearheaded  transformational  initiatives  across  notification  service
67,8,7.5,1,8.0,0.1045,0,0,0,0,0,0,0,0,0,0,0,0.0,0,0,0,1,1,0,1,0,0,0,0,2,1,1,0,0,0,2,10,0.15,0,0,8,1,Utilized cutting edge technologies including FastAPI and TypeScript
58,7,7.43,1,7.0,0.0172,0,1,0,0,0,0,0,0,1,1,0,0.0,0,0,0,0,1,0,0,0,1,0,0,0,0,0,0,0,0,0,7,0.55,1,0,7,0,Designed normalized database schema for payment processing
69,8,7.75,1,8.0,0.0145,0,0,0,0,0,0,0,0,0,0,0,0.0,0,0,0,0,1,0,0,0,1,0,0,1,0,0,0,0,1,1,10,0.15,0,0,8,1,Leveraged agile methodologies to deliver inventory tracking solutions
37,4,8.5,1,4.0,0.0541,0,0,0,0,0,0,0,0,0,0,0,0.0,0,0,0,0,1,0,1,0,0,0,0,1,0,0,0,1,0,1,5,0.06,0,0,4,1,Containerized application with Docker
39,6,5.67,1,6.0,0.0256,0,0,0,0,1,1,0,0,0,0,0,0.1667,0,0,0,0,1,0,0,0,1,0,0,0,0,0,0,0,0,0,9,0.45,0,1,6,0,Wrote unit tests achieving 90% coverage
43,5,7.8,1,5.0,0.093,0,1,0,0,0,0,0,0,1,1,0,0.0,0,0,0,0,1,0,0,1,0,0,0,1,1,0,0,0,0,1,6,0.55,1,0,5,0,Optimized SQL queries improving performance
34,5,6.0,1,5.0,0.1176,0,0,0,0,0,0,0,0,0,0,0,0.0,0,0,0,0,1,0,0,1,0,0,0,0,0,0,0,0,0,0,6,0.15,0,0,5,1,Contributed to API gateway efforts
61,9,5.89,1,9.0,0.0164,0,0,0,0,1,1,0,0,0,0,1,0.1111,0,0,0,0,1,0,0,0,1,0,0,0,0,0,0,0,0,0,12,0.45,0,1,9,1,Assisted in reducing incidents by 23% without owning delivery
74,11,5.82,1,11.0,0.0405,0,0,0,0,2,0,0,0,0,0,0,0.1818,0,0,0,0,1,0,0,1,0,0,0,1,0,1,0,0,0,1,13,0.45,0,1,11,0,Scaled inventory tracking from 18 to 100 concurrent users using TensorFlow
59,7,7.57,1,7.0,0.0508,0,0,0,0,0,0,0,0,0,0,0,0.0,0,0,0,0,1,0,0,0,1,0,0,1,0,0,0,1,0,1,9,0.15,0,0,7,0,Containerized entire application stack using Docker Compose
28,5,4.8,1,5.0,0.0357,0,1,0,0,1,0,0,1,1,1,0,0.2,0,0,0,0,1,1,0,0,1,0,0,0,0,0,0,0,0,0,7,0.85,1,1,5,0,Improved response time by 3x
34,5,6.0,1,5.0,0.1471,0,1,0,0,0,0,0,0,1,1,0,0.0,0,0,0,0,1,0,1,0,0,0,0,1,1,0,0,0,0,1,5,0.55,1,0,5,1,Integrated Python with API gateway
60,9,5.78,1,9.0,0.1833,1,1,0,0,2,0,0,0,1,1,0,0.2222,0,1,0,0,2,0,0,0,1,0,0,2,0,0,1,0,1,2,13,0.85,1,1,9,0,"Developed REST APIs serving 16,000 daily users using MongoDB"
64,8,6.25,1,8.0,0.0156,0,0,0,0,1,0,0,0,0,0,0,0.125,0,0,0,0,1,0,1,0,0,0,0,0,0,0,0,0,0,0,17,0.45,0,1,8,1,Responsible  for  payment  processing  handling  for  19  months
73,10,5.5,1,10.0,0.0137,0,0,0,0,1,0,0,0,0,0,0,0.1,0,0,0,0,1,0,1,0,0,0,0,0,0,0,0,0,0,0,22,0.45,0,1,10,1,Worked  on  order  management  that  processed  7+  requests  per  second
64,8,6.25,1,8.0,0.0156,0,0,0,0,1,0,0,0,0,0,0,0.125,0,0,0,0,1,0,0,1,0,0,0,0,0,0,0,0,0,0,17,0.45,0,1,8,1,Responsible  for  payment  processing  handling  for  17  months
22,4,4.75,1,4.0,0.0455,0,1,0,0,1,1,0,0,1,1,0,0.25,0,0,0,0,1,1,0,0,1,0,0,0,0,0,0,0,0,0,7,0.76,1,1,4,0,Reduced latency by 40%
54,8,5.88,1,8.0,0.0185,0,0,0,0,1,0,0,0,0,0,1,0.125,0,0,0,0,1,0,0,1,0,0,0,0,0,0,0,0,0,0,10,0.45,0,1,8,1,Responsible for order management handling for 5 months
69,8,7.75,1,8.0,0.0,0,0,0,0,0,0,0,0,0,0,0,0.0,0,0,0,0,1,0,1,0,0,0,0,1,0,0,0,0,1,1,9,0.15,0,0,8,1,leveraged agile methodologies to deliver inventory tracking solutions
66,6,10.17,1,6.0,0.0152,0,1,0,0,0,0,0,0,1,1,0,0.0,0,0,0,0,1,0,1,0,0,0,0,0,0,0,0,0,0,0,9,0.55,1,0,6,1,Spearheaded transformational initiatives across inventory tracking
